csv,scenario,trace_id,client_id,ab_group,duration_s,recv_bps_mean,send_bps_mean,rtt_ms_p95,jitter_ms_p95,loss_rate_mean,cap_bps_mean,cap_delta_bps_mean,qoe_score_mean
webrtc_abtest_traces_3g_1746521472049.csv,3g,1746521472049,client_58fe9f4,rl,249.5,227878.958,203012.924,198.20499999999998,94.10499999999999,0.006318799999999999,242632.224,6546.064,0.024940375876284164
webrtc_abtest_traces_3g_1746521472049.csv,3g,1746521472049,client_b2a951,rl,249.5,650594.908,576788.982,525.425,94.2,0.013886,672960.856,9235.818,0.12974378356441219
webrtc_abtest_traces_3g_1746522072049.csv,3g,1746522072049,client_299d0e9,rl,249.5,121410.066,106340.924,431.91999999999996,63.31499999999998,0.00033140000000000003,132773.108,5743.004,-0.20442384053379845
webrtc_abtest_traces_3g_1746522072049.csv,3g,1746522072049,client_2cb123c,rl,249.5,17170.812,15305.032,365.005,82.30499999999999,0.0013450000000000003,18446.608,824.894,-0.3070432508502565
webrtc_abtest_traces_3g_1746522467618.csv,3g,1746522467618,client_58fe9f4,gcc,249.5,238992.326,224786.518,233.105,100.0,0.0078244,261701.584,29700.874,0.0013797406579207205
webrtc_abtest_traces_3g_1746522467618.csv,3g,1746522467618,client_b2a951,gcc,249.5,669181.694,616561.55,597.31,100.0,0.017130399999999997,724336.39,32779.33,0.0791551842960911
webrtc_abtest_traces_3g_1746522672049.csv,3g,1746522672049,client_2d9dd58,rl,249.5,10562.174,9385.262,529.535,94.9,0.0005212,11547.598,160.542,-0.44930759795957464
webrtc_abtest_traces_3g_1746522672049.csv,3g,1746522672049,client_3388bd1,rl,249.5,150411.988,132921.022,329.25999999999993,95.2,0.0098846,165346.944,7833.254,-0.135159753625406
webrtc_abtest_traces_3g_1746523067618.csv,3g,1746523067618,client_299d0e9,gcc,249.5,132231.504,122062.818,506.55499999999995,69.21,0.00040840000000000006,144860.742,22422.948,-0.250615544095295
webrtc_abtest_traces_3g_1746523067618.csv,3g,1746523067618,client_2cb123c,gcc,249.5,18831.902,17525.55,409.01,92.80499999999999,0.0016475999999999997,20728.672,2779.382,-0.36133778269163624
webrtc_abtest_traces_3g_1746523272049.csv,3g,1746523272049,client_18f3c57,rl,249.5,579439.516,512439.548,401.705,86.705,0.004180400000000001,604415.152,9753.042,0.0869194418878869
webrtc_abtest_traces_3g_1746523272049.csv,3g,1746523272049,client_23ed3a2,rl,249.5,38055.462,33560.824,375.22999999999996,91.41,0.0047954,42868.87,1721.86,-0.2766609341615147
webrtc_abtest_traces_3g_1746523667618.csv,3g,1746523667618,client_2d9dd58,gcc,249.5,10935.496,10181.508,598.245,100.0,0.0006540000000000001,12003.15,1471.044,-0.5283366854190996
webrtc_abtest_traces_3g_1746523667618.csv,3g,1746523667618,client_3388bd1,gcc,249.5,164056.124,153790.006,377.02,100.0,0.012139,179840.142,29186.53,-0.17501647559999323
webrtc_abtest_traces_3g_1746523872049.csv,3g,1746523872049,client_10d1ed3,rl,249.5,225970.652,200847.464,454.1,74.005,0.0215468,242859.334,8103.618,-0.21334092599391055
webrtc_abtest_traces_3g_1746523872049.csv,3g,1746523872049,client_d06f71,rl,249.5,761054.556,673351.518,528.61,52.30999999999999,0.0021701999999999997,786275.192,11187.724,0.07174833697168444
webrtc_abtest_traces_3g_1746524267618.csv,3g,1746524267618,client_18f3c57,gcc,249.5,600411.062,564340.746,451.7,99.905,0.0051372,657576.536,39847.378,0.037302960262156674
webrtc_abtest_traces_3g_1746524267618.csv,3g,1746524267618,client_23ed3a2,gcc,249.5,42288.82,39619.232,438.505,100.0,0.005922800000000001,46769.644,9139.408,-0.32735951889576964
webrtc_abtest_traces_3g_1746524472049.csv,3g,1746524472049,client_3f43a08,rl,249.5,356580.7,315650.882,322.86499999999995,93.505,0.0087308,371536.322,8361.434,0.029403514682956627
webrtc_abtest_traces_3g_1746524472049.csv,3g,1746524472049,client_4748333,rl,249.5,9759.636,8672.942,380.805,83.51499999999999,0.0168376,10114.774,26.774,-0.3034346684494085
webrtc_abtest_traces_3g_1746524867618.csv,3g,1746524867618,client_10d1ed3,gcc,249.5,243893.32,225958.034,515.7,82.50999999999999,0.0266742,266205.748,33951.046,-0.27216888007612394
webrtc_abtest_traces_3g_1746524867618.csv,3g,1746524867618,client_d06f71,gcc,249.5,786236.912,729687.558,600.0,57.81499999999998,0.0026520000000000003,855212.22,37370.14,0.004355429233841576
webrtc_abtest_traces_3g_1746525072049.csv,3g,1746525072049,client_2f47a8a,rl,249.5,100392.436,88812.71,453.7,89.8,0.0197196,112050.974,5496.988,-0.3232725756651885
webrtc_abtest_traces_3g_1746525072049.csv,3g,1746525072049,client_305d6e8,rl,249.5,553777.356,484317.72,496.825,77.205,0.0149664,573936.234,11688.056,-0.027485543172288237
webrtc_abtest_traces_3g_1746525467618.csv,3g,1746525467618,client_3f43a08,gcc,249.5,370814.558,345075.264,389.51,100.0,0.0108098,407728.956,33628.922,-0.008002594196905662
webrtc_abtest_traces_3g_1746525467618.csv,3g,1746525467618,client_4748333,gcc,249.5,9426.938,8737.44,430.53499999999997,92.4,0.020772199999999998,10324.372,240.574,-0.3580153973300197
webrtc_abtest_traces_3g_1746525672049.csv,3g,1746525672049,client_289a0c5,rl,249.5,164521.85,144428.254,498.01,95.3,0.0255716,176125.4,6695.396,-0.27055883360768873
webrtc_abtest_traces_3g_1746525672049.csv,3g,1746525672049,client_5b16742,rl,249.5,10143.8,9019.952,190.805,89.80499999999999,0.0220742,11405.822,194.958,-0.17265197934546228
webrtc_abtest_traces_3g_1746526067618.csv,3g,1746526067618,client_2f47a8a,gcc,249.5,111159.496,103974.832,528.3449999999999,100.0,0.024470199999999998,122269.45,21596.076,-0.3892842249022845
webrtc_abtest_traces_3g_1746526067618.csv,3g,1746526067618,client_305d6e8,gcc,249.5,562086.43,527131.444,571.8549999999999,85.94499999999996,0.0184808,620852.432,40623.106,-0.1018316593629962
webrtc_abtest_traces_3g_1746526272049.csv,3g,1746526272049,client_2e5a70c,rl,249.5,1182442.488,1048747.168,533.8149999999999,49.205,0.0212164,1217295.508,14062.606,0.25592260968483166
webrtc_abtest_traces_3g_1746526272049.csv,3g,1746526272049,client_360fe2f,rl,249.5,140719.074,126883.256,407.52,44.71499999999999,0.008204399999999999,150375.804,4110.498,-0.229934992008851
webrtc_abtest_traces_3g_1746526667618.csv,3g,1746526667618,client_289a0c5,gcc,249.5,177018.576,166104.392,562.7,100.0,0.0314894,192947.3,24981.036,-0.3338348221585059
webrtc_abtest_traces_3g_1746526667618.csv,3g,1746526667618,client_5b16742,gcc,249.5,10771.152,10066.008,219.60999999999999,100.0,0.027422400000000003,11806.274,1943.42,-0.20514734907847496
webrtc_abtest_traces_3g_1746526872049.csv,3g,1746526872049,client_4d9bd50,rl,249.5,1102373.056,975985.406,272.11,76.73999999999997,0.0214036,1131396.676,13012.062,0.4744881996631766
webrtc_abtest_traces_3g_1746526872049.csv,3g,1746526872049,client_5855180,rl,249.5,584139.44,519590.122,528.72,64.02999999999997,0.0034381999999999998,607536.048,9280.25,-0.030089761943073924
webrtc_abtest_traces_3g_1746527267618.csv,3g,1746527267618,client_2e5a70c,gcc,249.5,1215205.176,1122419.16,600.0,55.30499999999999,0.0261948,1324944.942,41187.668,0.18282813606210704
webrtc_abtest_traces_3g_1746527267618.csv,3g,1746527267618,client_360fe2f,gcc,249.5,147391.31,137632.486,462.005,49.40999999999999,0.0101752,161065.934,15387.112,-0.2848232492509695
webrtc_abtest_traces_3g_1746527867618.csv,3g,1746527867618,client_4d9bd50,gcc,249.5,1140032.024,1038312.702,306.105,84.66999999999993,0.02652,1232563.198,41009.998,0.4438023811489365
webrtc_abtest_traces_3g_1746527867618.csv,3g,1746527867618,client_5855180,gcc,249.5,601312.588,557747.394,593.105,72.93499999999997,0.004247600000000001,654269.292,39603.496,-0.10401101241704845
webrtc_abtest_traces_baseline_1746520467501.csv,baseline,1746520467501,client_3bcbbe4,gcc,249.5,3330494.686,3119078.14,60.0,9.3,0.0051204,3659699.086,38995.208,1.39353549917817
webrtc_abtest_traces_baseline_1746520467501.csv,baseline,1746520467501,client_3e0b8fc,gcc,249.5,2783003.894,2603422.862,60.0,3.0,0.0002882,3038428.712,42170.898,1.263602070926779
webrtc_abtest_traces_baseline_1746521067501.csv,baseline,1746521067501,client_211e53b,gcc,249.5,1531953.298,1416006.758,52.014999999999894,25.0,0.0013894,1667183.832,38071.948,0.8571236556468763
webrtc_abtest_traces_baseline_1746521067501.csv,baseline,1746521067501,client_43495b5,gcc,249.5,3584110.398,3322133.748,60.0,25.0,0.00048019999999999996,3934708.73,37823.272,1.459869628773801
webrtc_abtest_traces_baseline_1746521667501.csv,baseline,1746521667501,client_56a86e3,gcc,249.5,3071198.97,2900918.216,41.24999999999996,25.0,0.014412600000000001,3396269.286,39468.486,1.36918135620966
webrtc_abtest_traces_baseline_1746521667501.csv,baseline,1746521667501,client_5de7792,gcc,249.5,3663727.822,3385989.782,30.414999999999985,25.0,0.006274399999999999,4003073.786,41859.664,1.5147209402085784
webrtc_abtest_traces_baseline_1746522267501.csv,baseline,1746522267501,client_39b35d0,gcc,249.5,2946056.566,2708951.168,44.80499999999999,7.419999999999982,0.000605,3201807.536,37267.768,1.349964859080219
webrtc_abtest_traces_baseline_1746522267501.csv,baseline,1746522267501,client_430d1a2,gcc,249.5,3257470.412,3014001.288,60.0,18.614999999999988,0.0051530000000000005,3578220.88,37462.08,1.3915090077016457
webrtc_abtest_traces_baseline_1746522867501.csv,baseline,1746522867501,client_3578bd2,gcc,249.5,1178993.196,1101611.546,60.0,25.0,0.0067026,1298317.828,36799.926,0.6649307155992112
webrtc_abtest_traces_baseline_1746522867501.csv,baseline,1746522867501,client_4e9c938,gcc,249.5,2219347.702,2091734.394,60.0,25.0,0.033470999999999994,2454469.268,39620.536,1.0976443882993712
webrtc_abtest_traces_baseline_1746523072557.csv,baseline,1746523072557,client_3bcbbe4,rl,249.5,2712343.398,2438346.088,60.0,9.3,0.0051204,3012343.132,23737.254,1.2423994388689603
webrtc_abtest_traces_baseline_1746523072557.csv,baseline,1746523072557,client_3e0b8fc,rl,249.5,2271389.286,2046353.926,60.0,3.0,0.0002882,2516985.688,20561.234,1.1221823540513343
webrtc_abtest_traces_baseline_1746523467501.csv,baseline,1746523467501,client_3b987d6,gcc,249.5,3835971.868,3596193.092,60.0,25.0,0.019409000000000003,4210175.71,39866.838,1.5159338561207787
webrtc_abtest_traces_baseline_1746523467501.csv,baseline,1746523467501,client_ad89a8,gcc,249.5,2592714.016,2405262.326,60.0,25.0,0.0040724,2825115.892,40036.836,1.2185502589734405
webrtc_abtest_traces_baseline_1746523672557.csv,baseline,1746523672557,client_211e53b,rl,249.5,1240723.494,1113471.262,52.014999999999894,25.0,0.0013894,1375383.04,14906.202,0.7470140474227189
webrtc_abtest_traces_baseline_1746523672557.csv,baseline,1746523672557,client_43495b5,rl,249.5,2931073.258,2638473.064,60.0,25.0,0.00048019999999999996,3253751.442,26585.188,1.3080178049155728
webrtc_abtest_traces_baseline_1746524067501.csv,baseline,1746524067501,client_2a1fc66,gcc,249.5,1500546.176,1398483.496,60.0,25.0,0.0017294,1656713.486,41749.846,0.8655781057293268
webrtc_abtest_traces_baseline_1746524067501.csv,baseline,1746524067501,client_526d6ce,gcc,249.5,3036476.692,2798717.084,60.0,15.904999999999996,0.0176024,3302031.232,38795.28,1.3088188356333892
webrtc_abtest_traces_baseline_1746524272557.csv,baseline,1746524272557,client_56a86e3,rl,249.5,2538687.562,2300164.244,41.24999999999996,25.0,0.014412600000000001,2823199.376,23670.744,1.2311845098589755
webrtc_abtest_traces_baseline_1746524272557.csv,baseline,1746524272557,client_5de7792,rl,249.5,3004228.614,2710296.448,30.414999999999985,25.0,0.006274399999999999,3329811.044,27256.172,1.3646374074915184
webrtc_abtest_traces_baseline_1746524667501.csv,baseline,1746524667501,client_1e6c7cb,gcc,249.5,3193956.636,2967009.314,55.01999999999998,25.0,0.014089400000000002,3473382.844,41255.39,1.3909952941669723
webrtc_abtest_traces_baseline_1746524667501.csv,baseline,1746524667501,client_54a7772,gcc,249.5,4253296.592,3923194.46,60.0,25.0,0.006891199999999999,4639370.114,16352.208,1.5926847324945383
webrtc_abtest_traces_baseline_1746524872557.csv,baseline,1746524872557,client_39b35d0,rl,249.5,2407725.774,2148225.098,44.80499999999999,7.419999999999982,0.000605,2660823.648,22488.402,1.205852195779069
webrtc_abtest_traces_baseline_1746524872557.csv,baseline,1746524872557,client_430d1a2,rl,249.5,2682574.816,2408283.868,60.0,18.614999999999988,0.0051530000000000005,2977858.61,24765.05,1.249076524303447
webrtc_abtest_traces_baseline_1746525267501.csv,baseline,1746525267501,client_1c63a1e,gcc,249.5,2787953.372,2594019.912,60.0,25.0,0.00045079999999999995,3032735.162,39041.064,1.2697540283378599
webrtc_abtest_traces_baseline_1746525267501.csv,baseline,1746525267501,client_23e723a,gcc,249.5,3778564.178,3503165.082,44.52499999999998,25.0,0.0180318,4102401.974,41258.712,1.5251912988886789
webrtc_abtest_traces_baseline_1746525472557.csv,baseline,1746525472557,client_3578bd2,rl,249.5,965585.224,877754.738,60.0,25.0,0.0067026,1074410.462,12370.834,0.5751010797334134
webrtc_abtest_traces_baseline_1746525472557.csv,baseline,1746525472557,client_4e9c938,rl,249.5,1847286.052,1654452.898,60.0,25.0,0.033470999999999994,2043515.724,18087.482,0.9782121983823479
webrtc_abtest_traces_baseline_1746525867501.csv,baseline,1746525867501,client_4f615df,gcc,249.5,1193641.922,1102458.014,60.0,14.214999999999986,0.0016576,1304600.154,37092.326,0.716952306621481
webrtc_abtest_traces_baseline_1746525867501.csv,baseline,1746525867501,client_56bfa31,gcc,249.5,3063183.39,2818428.674,9.294999999999732,21.214999999999986,0.0057242000000000005,3331643.036,39828.164,1.3800577009891049
webrtc_abtest_traces_baseline_1746526072557.csv,baseline,1746526072557,client_3b987d6,rl,249.5,3155804.888,2824051.168,60.0,25.0,0.019409000000000003,3487393.904,28758.958,1.3660241103193937
webrtc_abtest_traces_baseline_1746526072557.csv,baseline,1746526072557,client_ad89a8,rl,249.5,2100892.512,1892734.158,60.0,25.0,0.0040724,2335014.056,20664.478,1.0753636905551853
webrtc_abtest_traces_baseline_1746526672557.csv,baseline,1746526672557,client_2a1fc66,rl,249.5,1235507.278,1113203.876,60.0,25.0,0.0017294,1371767.366,14602.906,0.7581250807482736
webrtc_abtest_traces_baseline_1746526672557.csv,baseline,1746526672557,client_526d6ce,rl,249.5,2478436.008,2203583.87,60.0,15.904999999999996,0.0176024,2738145.572,23074.178,1.1625097001267573
webrtc_abtest_traces_baseline_1746527272557.csv,baseline,1746527272557,client_1e6c7cb,rl,249.5,2591863.924,2336814.648,55.01999999999998,25.0,0.014089400000000002,2882530.816,23540.99,1.2400055169229136
webrtc_abtest_traces_baseline_1746527272557.csv,baseline,1746527272557,client_54a7772,rl,249.5,3477554.476,3127447.358,60.0,25.0,0.006891199999999999,3845255.19,29126.888,1.432237642581983
webrtc_abtest_traces_baseline_1746527872557.csv,baseline,1746527872557,client_1c63a1e,rl,249.5,2285401.74,2049871.118,60.0,25.0,0.00045079999999999995,2526850.876,21036.662,1.1320665216624732
webrtc_abtest_traces_baseline_1746527872557.csv,baseline,1746527872557,client_23e723a,rl,249.5,3069695.092,2765181.73,44.52499999999998,25.0,0.0180318,3409636.276,27589.708,1.36715361039396
webrtc_abtest_traces_baseline_1746528472557.csv,baseline,1746528472557,client_4f615df,rl,249.5,982812.028,878014.328,60.0,14.214999999999986,0.0016576,1082964.656,12423.848,0.6204038209006392
webrtc_abtest_traces_baseline_1746528472557.csv,baseline,1746528472557,client_56bfa31,rl,249.5,2492577.286,2231250.114,9.294999999999732,21.214999999999986,0.0057242000000000005,2769701.086,23467.132,1.2316047500765235
webrtc_abtest_traces_dsl_1746520619073.csv,dsl,1746520619073,client_290e79d,rl,249.5,2936985.932,2595724.246,199.43499999999997,229.31,0.0035932,3113703.234,25878.67,1.2327592344823861
webrtc_abtest_traces_dsl_1746520619073.csv,dsl,1746520619073,client_3d8b400,rl,249.5,3763069.744,3327630.262,458.34499999999997,215.44999999999996,0.0175236,3983718.584,31992.936,1.1333399581861021
webrtc_abtest_traces_dsl_1746521219073.csv,dsl,1746521219073,client_11783d2,rl,249.5,1906780.182,1689477.75,376.7349999999999,156.38999999999993,0.0047266,2029434.292,18217.622,0.7918012328906378
webrtc_abtest_traces_dsl_1746521219073.csv,dsl,1746521219073,client_4335821,rl,249.5,408909.004,359415.678,346.84,190.305,0.010592800000000001,441519.608,10288.958,0.012992691746265465
webrtc_abtest_traces_dsl_1746521819073.csv,dsl,1746521819073,client_11fd558,rl,249.5,886336.564,781209.636,397.12,208.55999999999995,0.0016669999999999999,941242.49,13906.436,0.27392599799077605
webrtc_abtest_traces_dsl_1746521819073.csv,dsl,1746521819073,client_4c3d3db,rl,249.5,1778550.768,1589267.576,301.205,250.0,0.0229348,1899022.054,18737.006,0.7051313429797392
webrtc_abtest_traces_dsl_1746522419073.csv,dsl,1746522419073,client_4948966,rl,249.5,1293524.956,1137002.09,460.715,250.0,0.0011478,1365922.072,15060.312,0.46491103441620807
webrtc_abtest_traces_dsl_1746522419073.csv,dsl,1746522419073,client_5da1d05,rl,249.5,1444464.012,1283909.902,406.905,178.61999999999998,0.0025194,1535209.268,16080.462,0.5266210493084543
webrtc_abtest_traces_dsl_1746523019073.csv,dsl,1746523019073,client_25e7d8c,rl,249.5,2507033.354,2215879.658,315.505,238.305,0.0118996,2661538.114,22494.94,0.9964923943043551
webrtc_abtest_traces_dsl_1746523019073.csv,dsl,1746523019073,client_3d2468d,rl,249.5,99958.048,88633.308,373.9599999999999,205.02999999999997,0.0010525999999999997,111445.882,3897.972,-0.0986866966589848
webrtc_abtest_traces_dsl_1746523127010.csv,dsl,1746523127010,client_290e79d,gcc,249.5,3216845.21,2979925.186,217.35499999999996,227.72999999999996,0.0039645999999999995,3504455.702,39258.132,1.2879776025020133
webrtc_abtest_traces_dsl_1746523127010.csv,dsl,1746523127010,client_3d8b400,gcc,249.5,4046714.324,3752000.722,500.0,214.92,0.0192538,4459429.496,38002.436,1.152317899249241
webrtc_abtest_traces_dsl_1746523619073.csv,dsl,1746523619073,client_58383a9,rl,249.5,14477.79,12848.408,171.54999999999995,82.01499999999999,0.0015622000000000001,18612.772,930.476,-0.09265502914772727
webrtc_abtest_traces_dsl_1746523619073.csv,dsl,1746523619073,client_5ad85aa,rl,249.5,3882668.752,3466759.706,286.4,230.32999999999998,0.0188114,4152968.934,33183.31,1.3417303794321034
webrtc_abtest_traces_dsl_1746523727010.csv,dsl,1746523727010,client_11783d2,gcc,249.5,2065226.936,1938724.804,414.61,159.71999999999997,0.005189000000000001,2272432.898,40336.354,0.8183936878761339
webrtc_abtest_traces_dsl_1746523727010.csv,dsl,1746523727010,client_4335821,gcc,249.5,457404.784,421604.672,372.205,188.51999999999998,0.011631799999999998,497656.948,37692.612,0.013594002696826606
webrtc_abtest_traces_dsl_1746524219073.csv,dsl,1746524219073,client_276bcf7,rl,249.5,1929058.54,1710259.992,424.17499999999995,219.415,0.0068652,2044071.648,18934.584,0.7519050340426288
webrtc_abtest_traces_dsl_1746524219073.csv,dsl,1746524219073,client_3db148a,rl,249.5,522239.596,467309.164,138.805,187.8,0.002144,562268.654,11277.796,0.3001770242645863
webrtc_abtest_traces_dsl_1746524327010.csv,dsl,1746524327010,client_11fd558,gcc,249.5,972106.492,901371.108,425.005,208.41,0.0018368,1055492.91,40421.358,0.2825342487872424
webrtc_abtest_traces_dsl_1746524327010.csv,dsl,1746524327010,client_4c3d3db,gcc,249.5,1931855.75,1790466.898,324.32,250.0,0.0251784,2118366.806,41545.968,0.7271152264162892
webrtc_abtest_traces_dsl_1746524819073.csv,dsl,1746524819073,client_1853d35,rl,249.5,1655480.376,1461447.682,463.315,171.015,0.0068174,1756371.714,18010.426,0.5015091618308587
webrtc_abtest_traces_dsl_1746524819073.csv,dsl,1746524819073,client_2a267bc,rl,249.5,1325136.308,1179800.33,405.21999999999997,123.84499999999996,0.011136199999999999,1414656.772,15485.318,0.43901939535212203
webrtc_abtest_traces_dsl_1746524927010.csv,dsl,1746524927010,client_4948966,gcc,249.5,1390885.412,1286738.706,494.635,250.0,0.0012638,1518470.804,39782.722,0.46954078294149126
webrtc_abtest_traces_dsl_1746524927010.csv,dsl,1746524927010,client_5da1d05,gcc,249.5,1559054.108,1461906.584,434.9549999999999,177.72499999999997,0.002775,1713552.712,38438.218,0.5380118809367233
webrtc_abtest_traces_dsl_1746525419073.csv,dsl,1746525419073,client_387b504,rl,249.5,1282965.476,1145581.454,481.01,190.61499999999998,0.0135846,1371651.156,15113.094,0.33553968225971087
webrtc_abtest_traces_dsl_1746525419073.csv,dsl,1746525419073,client_3b2c57d,rl,249.5,2382290.284,2111887.328,393.815,37.30499999999999,0.0106734,2532292.076,22814.884,0.8720173717316454
webrtc_abtest_traces_dsl_1746525527010.csv,dsl,1746525527010,client_25e7d8c,gcc,249.5,2712926.554,2523500.034,342.90999999999997,234.10999999999999,0.0130566,2986981.892,40543.322,1.0281070165014687
webrtc_abtest_traces_dsl_1746525527010.csv,dsl,1746525527010,client_3d2468d,gcc,249.5,114999.132,105818.874,407.9,206.015,0.0011560000000000001,124923.862,17467.254,-0.10331035973694777
webrtc_abtest_traces_dsl_1746526019073.csv,dsl,1746526019073,client_2dfed4b,rl,249.5,2156039.47,1911900.774,289.515,219.91,0.010519400000000002,2289118.908,19964.262,0.914970759005391
webrtc_abtest_traces_dsl_1746526019073.csv,dsl,1746526019073,client_4129b89,rl,249.5,3327856.646,2955948.442,476.12,222.11499999999998,0.012495999999999998,3536328.85,29645.016,1.0258145871716964
webrtc_abtest_traces_dsl_1746526127010.csv,dsl,1746526127010,client_58383a9,gcc,249.5,18573.772,17209.536,187.825,80.31499999999998,0.0017102,20318.446,5684.766,-0.0949284595923396
webrtc_abtest_traces_dsl_1746526127010.csv,dsl,1746526127010,client_5ad85aa,gcc,249.5,4224296.25,3916538.67,313.005,228.9,0.0206912,4628058.88,32834.66,1.3869268548309406
webrtc_abtest_traces_dsl_1746526727010.csv,dsl,1746526727010,client_276bcf7,gcc,249.5,2079895.418,1950939.002,465.705,216.8,0.007545199999999999,2293089.72,38005.146,0.7723179822201758
webrtc_abtest_traces_dsl_1746526727010.csv,dsl,1746526727010,client_3db148a,gcc,249.5,577963.47,533759.02,147.825,185.325,0.0023488,631191.842,39788.702,0.32338518425579044
webrtc_abtest_traces_dsl_1746527327010.csv,dsl,1746527327010,client_1853d35,gcc,249.5,1800996.016,1664582.946,498.805,170.1,0.007459400000000001,1956676.43,38962.28,0.5117576873998415
webrtc_abtest_traces_dsl_1746527327010.csv,dsl,1746527327010,client_2a267bc,gcc,249.5,1454343.102,1347637.762,434.40999999999997,124.00999999999999,0.012294000000000001,1588728.028,35647.562,0.4545452582235427
webrtc_abtest_traces_dsl_1746527927010.csv,dsl,1746527927010,client_387b504,gcc,249.5,1414611.38,1306243.666,500.0,190.10999999999999,0.014956200000000001,1540170.228,41898.722,0.34288738812064035
webrtc_abtest_traces_dsl_1746527927010.csv,dsl,1746527927010,client_3b2c57d,gcc,249.5,2591279.316,2435066.548,417.905,37.2,0.011757400000000001,2843896.214,40707.494,0.8993276502788257
webrtc_abtest_traces_dsl_1746528527010.csv,dsl,1746528527010,client_2dfed4b,gcc,249.5,2345176.966,2166216.662,310.72999999999996,218.4,0.011572200000000001,2550174.486,38131.398,0.9512644133248027
webrtc_abtest_traces_dsl_1746528527010.csv,dsl,1746528527010,client_4129b89,gcc,249.5,3615644.468,3374791.04,500.0,221.12999999999997,0.013700399999999998,3974655.042,39650.918,1.0505369595355991
webrtc_abtest_traces_fluctuating_1746521980958.csv,fluctuating,1746521980958,client_2f915e3,rl,249.5,1878239.064,1663266.244,76.705,60.0,0.013403400000000001,1992563.018,19645.394,0.9823833312475552
webrtc_abtest_traces_fluctuating_1746521980958.csv,fluctuating,1746521980958,client_48c13f1,rl,249.5,2361721.408,2084868.538,77.1,36.1,0.0124676,2508463.248,22506.548,1.1169356181145358
webrtc_abtest_traces_fluctuating_1746522444985.csv,fluctuating,1746522444985,client_2f915e3,gcc,249.5,2033398.336,1895241.794,80.0,60.0,0.0147686,2223368.252,40504.302,1.0258977840706627
webrtc_abtest_traces_fluctuating_1746522444985.csv,fluctuating,1746522444985,client_48c13f1,gcc,249.5,2567154.384,2380685.724,80.0,35.31999999999998,0.013732399999999999,2799423.902,39054.46,1.164865412516986
webrtc_abtest_traces_fluctuating_1746522580958.csv,fluctuating,1746522580958,client_467cb94,rl,249.5,2172672.762,1926686.612,76.405,60.0,0.010056599999999999,2312750.622,20146.172,1.0423031566698642
webrtc_abtest_traces_fluctuating_1746522580958.csv,fluctuating,1746522580958,client_4bc276b,rl,249.5,1726358.366,1548151.216,74.3,60.0,0.003109,1838566.204,18658.75,0.9503268218068098
webrtc_abtest_traces_fluctuating_1746523044985.csv,fluctuating,1746523044985,client_467cb94,gcc,249.5,2377377.476,2197419.214,80.0,60.0,0.0110364,2592624.68,41212.346,1.0905557577345366
webrtc_abtest_traces_fluctuating_1746523044985.csv,fluctuating,1746523044985,client_4bc276b,gcc,249.5,1866529.342,1741682.324,80.0,60.0,0.0034135999999999997,2051466.352,39603.488,0.9924450894583446
webrtc_abtest_traces_fluctuating_1746523180958.csv,fluctuating,1746523180958,client_35ceea1,rl,249.5,2150540.426,1913445.506,64.71,51.7,0.0044992,2289105.266,20731.246,1.1060839416809913
webrtc_abtest_traces_fluctuating_1746523180958.csv,fluctuating,1746523180958,client_3c31372,rl,249.5,3627669.096,3200550.792,76.60499999999999,60.0,0.008536400000000001,3853095.296,30488.592,1.4655349799072805
webrtc_abtest_traces_fluctuating_1746523644985.csv,fluctuating,1746523644985,client_35ceea1,gcc,249.5,2341470.116,2155055.994,70.505,51.80499999999999,0.0049467999999999995,2546105.106,39798.862,1.159377684028713
webrtc_abtest_traces_fluctuating_1746523644985.csv,fluctuating,1746523644985,client_3c31372,gcc,249.5,3978938.496,3709155.036,80.0,60.0,0.0093758,4318880.32,39173.122,1.5320081051775774
webrtc_abtest_traces_fluctuating_1746523780958.csv,fluctuating,1746523780958,client_2c3b489,rl,249.5,1538703.362,1357489.798,65.50999999999999,22.00999999999999,0.0024254,1631102.058,14954.312,0.887906310404295
webrtc_abtest_traces_fluctuating_1746523780958.csv,fluctuating,1746523780958,client_3480cf3,rl,249.5,2181560.402,1927131.936,15.939999999999964,60.0,0.0116048,2312798.672,19678.956,1.1230384223294207
webrtc_abtest_traces_fluctuating_1746524244985.csv,fluctuating,1746524244985,client_2c3b489,gcc,249.5,1671132.176,1540142.448,71.30999999999999,22.109999999999992,0.0026720000000000003,1823872.55,41749.604,0.932415629415773
webrtc_abtest_traces_fluctuating_1746524244985.csv,fluctuating,1746524244985,client_3480cf3,gcc,249.5,2366561.556,2215158.55,17.71999999999998,60.0,0.0127624,2576251.274,36680.788,1.1753759293344335
webrtc_abtest_traces_fluctuating_1746524380958.csv,fluctuating,1746524380958,client_52fcdc3,rl,249.5,2517732.874,2226471.48,42.605,55.2,0.0037028000000000004,2670135.438,22676.394,1.2237148486147904
webrtc_abtest_traces_fluctuating_1746524380958.csv,fluctuating,1746524380958,client_dcf212,rl,249.5,3688801.1,3273567.178,73.005,60.0,0.0010400000000000001,3927111.904,31099.33,1.5095601260124585
webrtc_abtest_traces_fluctuating_1746524844985.csv,fluctuating,1746524844985,client_52fcdc3,gcc,249.5,2732551.218,2543299.736,45.105,54.105,0.0040662,2988277.984,38221.362,1.2779645653528733
webrtc_abtest_traces_fluctuating_1746524844985.csv,fluctuating,1746524844985,client_dcf212,gcc,249.5,4019678.166,3765896.782,80.0,60.0,0.001143,4398439.156,39267.318,1.5737732379555027
webrtc_abtest_traces_fluctuating_1746524980958.csv,fluctuating,1746524980958,client_2f36145,rl,249.5,1960686.186,1752972.854,23.629999999999974,60.0,0.015240199999999999,2093293.494,19255.934,1.0516173272634695
webrtc_abtest_traces_fluctuating_1746524980958.csv,fluctuating,1746524980958,client_3afb915,rl,249.5,2479740.53,2209376.418,26.30999999999999,60.0,0.0078842,2633928.952,23356.024,1.214771410877265
webrtc_abtest_traces_fluctuating_1746525444985.csv,fluctuating,1746525444985,client_2f36145,gcc,249.5,2139072.084,1988842.85,25.8,60.0,0.016697599999999996,2337411.484,41560.828,1.1052231322203803
webrtc_abtest_traces_fluctuating_1746525444985.csv,fluctuating,1746525444985,client_3afb915,gcc,249.5,2726978.532,2521042.302,28.304999999999996,60.0,0.0086548,2963654.78,41337.356,1.2793151769895017
webrtc_abtest_traces_fluctuating_1746525580958.csv,fluctuating,1746525580958,client_42771b1,rl,249.5,3233480.342,2874794.404,68.81499999999998,60.0,0.0187102,3453338.142,29479.47,1.3901575277197646
webrtc_abtest_traces_fluctuating_1746525580958.csv,fluctuating,1746525580958,client_59a64e7,rl,249.5,2020915.99,1793339.616,76.7,13.104999999999995,0.0108814,2143430.948,18688.538,1.0352747668771527
webrtc_abtest_traces_fluctuating_1746526044985.csv,fluctuating,1746526044985,client_42771b1,gcc,249.5,3543887.498,3282648.676,75.1,60.0,0.020617200000000006,3856562.84,40776.318,1.4554126793270439
webrtc_abtest_traces_fluctuating_1746526044985.csv,fluctuating,1746526044985,client_59a64e7,gcc,249.5,2193234.284,2035818.338,80.0,13.204999999999995,0.0119546,2401860.082,40827.052,1.0823478454167939
webrtc_abtest_traces_fluctuating_1746526180958.csv,fluctuating,1746526180958,client_39a06a1,rl,249.5,1436277.392,1276718.824,77.2,60.0,0.006439,1528491.734,15968.818,0.7950780654854201
webrtc_abtest_traces_fluctuating_1746526180958.csv,fluctuating,1746526180958,client_9ea485,rl,249.5,1049802.248,936648.42,66.72999999999998,35.709999999999994,0.009287600000000002,1117777.892,13197.882,0.6645122884264247
webrtc_abtest_traces_fluctuating_1746526644985.csv,fluctuating,1746526644985,client_39a06a1,gcc,249.5,1568879.522,1469681.83,80.0,60.0,0.0070846,1715651.94,39111.694,0.8363323073850726
webrtc_abtest_traces_fluctuating_1746526644985.csv,fluctuating,1746526644985,client_9ea485,gcc,249.5,1148323.856,1064612.112,72.46499999999995,36.4,0.0102178,1254799.48,39853.012,0.7034162460224076
webrtc_abtest_traces_fluctuating_1746526780958.csv,fluctuating,1746526780958,client_39ba454,rl,249.5,2555977.63,2270317.338,19.314999999999987,60.0,0.0235736,2704623.274,24637.43,1.205206078061757
webrtc_abtest_traces_fluctuating_1746526780958.csv,fluctuating,1746526780958,client_4a21f5d,rl,249.5,3289952.208,2910151.916,53.80999999999999,60.0,0.00237,3504099.536,28062.652,1.4151382393776657
webrtc_abtest_traces_fluctuating_1746527244985.csv,fluctuating,1746527244985,client_39ba454,gcc,249.5,2774118.128,2574941.294,21.404999999999994,60.0,0.025974399999999995,3021237.268,41514.608,1.256460284847003
webrtc_abtest_traces_fluctuating_1746527244985.csv,fluctuating,1746527244985,client_4a21f5d,gcc,249.5,3599240.766,3348919.748,59.42999999999997,60.0,0.0026014,3928821.136,41984.798,1.4805908155230996
webrtc_abtest_traces_fluctuating_1746527380958.csv,fluctuating,1746527380958,client_460722e,rl,249.5,1552685.746,1381416.374,76.0,60.0,0.0012378,1651168.062,15128.276,0.883001560315523
webrtc_abtest_traces_fluctuating_1746527380958.csv,fluctuating,1746527380958,client_57167b4,rl,249.5,2640810.51,2336803.648,73.10999999999999,33.3,0.0019308,2810854.748,24152.692,1.2405753452101589
webrtc_abtest_traces_fluctuating_1746527844985.csv,fluctuating,1746527844985,client_460722e,gcc,249.5,1684853.914,1559853.704,80.0,60.0,0.0013602,1849385.174,39064.594,0.9251346923047182
webrtc_abtest_traces_fluctuating_1746527844985.csv,fluctuating,1746527844985,client_57167b4,gcc,249.5,2883410.562,2695029.67,80.0,32.709999999999994,0.0021206,3169907.204,40550.71,1.2992695097267755
webrtc_abtest_traces_high_delay_1746521203952.csv,high_delay,1746521203952,client_25873c7,gcc,249.5,820664.646,761161.096,597.11,30.0,0.0007616000000000001,894480.274,36852.082,0.046136845684250444
webrtc_abtest_traces_high_delay_1746521203952.csv,high_delay,1746521203952,client_5d901ae,gcc,249.5,10574.524,9722.948,468.79499999999985,30.0,0.0278268,11539.68,949.22,-0.4372007148963851
webrtc_abtest_traces_high_delay_1746521803952.csv,high_delay,1746521803952,client_33ae7d6,gcc,249.5,247715.446,235063.59,600.0,30.0,0.022243600000000002,274184.862,25990.522,-0.37277621399961514
webrtc_abtest_traces_high_delay_1746521803952.csv,high_delay,1746521803952,client_3936fb6,gcc,249.5,33656.724,31980.9,502.53499999999997,30.0,0.025795800000000004,37063.796,6089.164,-0.3684704139679194
webrtc_abtest_traces_high_delay_1746522252329.csv,high_delay,1746522252329,client_25873c7,rl,249.5,797001.804,709374.994,529.125,28.6,0.000625,821068.74,11719.152,0.10907144937135749
webrtc_abtest_traces_high_delay_1746522252329.csv,high_delay,1746522252329,client_5d901ae,rl,249.5,10596.262,9295.746,406.05499999999995,27.404999999999994,0.022534799999999997,11172.464,149.246,-0.3722222243132901
webrtc_abtest_traces_high_delay_1746522403952.csv,high_delay,1746522403952,client_16d4742,gcc,249.5,28558.652,25997.86,580.135,30.0,0.0267822,31245.168,4105.704,-0.5196716621853621
webrtc_abtest_traces_high_delay_1746522403952.csv,high_delay,1746522403952,client_517846f,gcc,249.5,237795.894,219792.112,600.0,30.0,0.0329292,259890.944,32534.708,-0.34821039433197154
webrtc_abtest_traces_high_delay_1746522852329.csv,high_delay,1746522852329,client_33ae7d6,rl,249.5,238736.664,211807.308,534.4749999999999,28.1,0.0180226,254439.262,7116.3,-0.2920197923297813
webrtc_abtest_traces_high_delay_1746522852329.csv,high_delay,1746522852329,client_3936fb6,rl,249.5,31511.182,28048.168,435.76499999999993,28.0,0.020866999999999997,34669.966,1476.644,-0.31078346434488224
webrtc_abtest_traces_high_delay_1746523003952.csv,high_delay,1746523003952,client_2102653,gcc,249.5,1347501.054,1256958.792,523.2,30.0,0.0231162,1471527.998,37476.518,0.3259626321912346
webrtc_abtest_traces_high_delay_1746523003952.csv,high_delay,1746523003952,client_3b6f265,gcc,249.5,24708.982,23623.332,521.01,30.0,0.0167168,27443.088,5354.392,-0.4366297216991216
webrtc_abtest_traces_high_delay_1746523452329.csv,high_delay,1746523452329,client_16d4742,rl,249.5,26640.488,23758.19,502.715,28.5,0.021682200000000002,28534.002,1091.176,-0.4408583055484655
webrtc_abtest_traces_high_delay_1746523452329.csv,high_delay,1746523452329,client_517846f,rl,249.5,221173.698,194926.858,536.0,28.5,0.026595999999999998,237481.704,7202.184,-0.2770624002338643
webrtc_abtest_traces_high_delay_1746523603952.csv,high_delay,1746523603952,client_11c0730,gcc,249.5,28553.462,26183.832,390.82,30.0,0.0017843999999999998,30905.918,4555.596,-0.3085717033132631
webrtc_abtest_traces_high_delay_1746523603952.csv,high_delay,1746523603952,client_bb09fe,gcc,249.5,1112444.136,1035300.512,530.0699999999999,30.0,0.0312724,1213158.042,40584.412,0.16949218368278088
webrtc_abtest_traces_high_delay_1746524052329.csv,high_delay,1746524052329,client_2102653,rl,249.5,1320072.194,1177951.846,455.325,28.5,0.0187984,1358492.152,14189.472,0.38709416470674457
webrtc_abtest_traces_high_delay_1746524052329.csv,high_delay,1746524052329,client_3b6f265,rl,249.5,21427.582,19013.31,468.205,28.5,0.013523399999999998,26039.442,1461.888,-0.3715150783590337
webrtc_abtest_traces_high_delay_1746524203952.csv,high_delay,1746524203952,client_239a1fb,gcc,249.5,144587.368,134169.808,600.0,30.0,0.023577799999999996,158242.918,25255.716,-0.3796091103028208
webrtc_abtest_traces_high_delay_1746524203952.csv,high_delay,1746524203952,client_4052c64,gcc,249.5,512706.216,477052.554,600.0,30.0,0.025055400000000002,559403.702,35714.654,-0.23096782505158578
webrtc_abtest_traces_high_delay_1746524652329.csv,high_delay,1746524652329,client_11c0730,rl,249.5,26620.096,22892.818,343.01,28.5,0.0014574,28717.34,1112.638,-0.2612274075717711
webrtc_abtest_traces_high_delay_1746524652329.csv,high_delay,1746524652329,client_bb09fe,rl,249.5,1083541.442,955215.272,462.51,28.5,0.0254388,1116015.594,12927.968,0.233930521797791
webrtc_abtest_traces_high_delay_1746524803952.csv,high_delay,1746524803952,client_3bb9e65,gcc,249.5,470434.148,431694.864,600.0,30.0,0.0331634,514520.09,35748.272,-0.24283816622051602
webrtc_abtest_traces_high_delay_1746524803952.csv,high_delay,1746524803952,client_5c75449,gcc,249.5,22720.512,20993.164,584.8,30.0,0.027358399999999998,24752.534,5097.874,-0.5193629300931641
webrtc_abtest_traces_high_delay_1746525252329.csv,high_delay,1746525252329,client_239a1fb,rl,249.5,131661.67,117560.578,512.23,28.6,0.0191252,145146.144,5501.762,-0.3142540827534933
webrtc_abtest_traces_high_delay_1746525252329.csv,high_delay,1746525252329,client_4052c64,rl,249.5,490701.484,438945.176,550.22,28.2,0.0203096,514092.938,10712.918,-0.1501367214564167
webrtc_abtest_traces_high_delay_1746525403952.csv,high_delay,1746525403952,client_21a5782,gcc,249.5,142837.132,131872.886,600.0,26.25499999999995,0.0166194,156477.782,14497.18,-0.48513463958669883
webrtc_abtest_traces_high_delay_1746525403952.csv,high_delay,1746525403952,client_bcff9a,gcc,249.5,115237.848,106301.152,528.3249999999999,13.009999999999991,0.046391400000000006,125903.774,12079.958,-0.4273541663568225
webrtc_abtest_traces_high_delay_1746525852329.csv,high_delay,1746525852329,client_3bb9e65,rl,249.5,451626.476,401546.066,533.705,28.5,0.0267338,471995.744,9950.582,-0.16543253984676565
webrtc_abtest_traces_high_delay_1746525852329.csv,high_delay,1746525852329,client_5c75449,rl,249.5,20145.096,17707.386,511.91499999999996,28.5,0.022163999999999996,23247.884,1047.48,-0.44052652585223345
webrtc_abtest_traces_high_delay_1746526003952.csv,high_delay,1746526003952,client_3237141,gcc,249.5,952810.334,891414.388,600.0,26.21999999999998,0.0156372,1036147.92,39801.182,0.14589403164611578
webrtc_abtest_traces_high_delay_1746526003952.csv,high_delay,1746526003952,client_3888043,gcc,249.5,25752.358,23603.468,380.205,30.0,0.0051886,27767.368,5474.152,-0.3259317035277768
webrtc_abtest_traces_high_delay_1746526452329.csv,high_delay,1746526452329,client_21a5782,rl,249.5,135193.352,120059.878,547.405,24.114999999999988,0.0134322,143829.51,4826.92,-0.40343932927820686
webrtc_abtest_traces_high_delay_1746526452329.csv,high_delay,1746526452329,client_bcff9a,rl,249.5,107697.896,95700.832,464.86499999999995,11.724999999999977,0.037779200000000006,114672.714,3599.674,-0.35481184925843434
webrtc_abtest_traces_high_delay_1746526603952.csv,high_delay,1746526603952,client_40eb0da,gcc,249.5,116201.282,107058.432,445.4549999999999,30.0,0.0179928,125698.178,20491.84,-0.2940501806544346
webrtc_abtest_traces_high_delay_1746526603952.csv,high_delay,1746526603952,client_426b686,gcc,249.5,311006.522,290508.59,600.0,30.0,0.024345,339904.636,24582.472,-0.3294169761138988
webrtc_abtest_traces_high_delay_1746527052329.csv,high_delay,1746527052329,client_3237141,rl,249.5,927244.622,822620.33,519.15,23.204999999999995,0.012632800000000001,955621.93,13824.04,0.2068050178841176
webrtc_abtest_traces_high_delay_1746527052329.csv,high_delay,1746527052329,client_3888043,rl,249.5,22166.902,19684.1,339.625,28.1,0.004226,25807.536,1275.408,-0.27813577130005446
webrtc_abtest_traces_high_delay_1746527652329.csv,high_delay,1746527652329,client_40eb0da,rl,249.5,103827.24,91884.686,377.43499999999995,28.3,0.014578400000000002,113836.442,4796.406,-0.24486645745872004
webrtc_abtest_traces_high_delay_1746527652329.csv,high_delay,1746527652329,client_426b686,rl,249.5,294935.45,262393.462,541.04,28.404999999999994,0.0197046,311415.532,7571.31,-0.2534906694693302
webrtc_abtest_traces_high_loss_1746521610276.csv,high_loss,1746521610276,client_2d5dabc,gcc,249.5,305278.65,277934.194,210.11499999999998,713.005,0.012079799999999998,327548.682,21678.95,0.05371620305007351
webrtc_abtest_traces_high_loss_1746521610276.csv,high_loss,1746521610276,client_45ad128,gcc,249.5,250042.976,235889.592,250.0,730.2,0.0395596,275981.642,31039.728,-0.032742313302082715
webrtc_abtest_traces_high_loss_1746522145694.csv,high_loss,1746522145694,client_2d5dabc,rl,249.5,284780.774,254129.44,178.62499999999997,660.1,0.009774000000000001,298475.778,8386.162,0.06837425230086297
webrtc_abtest_traces_high_loss_1746522145694.csv,high_loss,1746522145694,client_45ad128,rl,249.5,236096.678,210816.64,229.82,673.42,0.032156199999999996,254343.402,8703.082,-0.00436627263639501
webrtc_abtest_traces_high_loss_1746522210276.csv,high_loss,1746522210276,client_22dd61d,gcc,249.5,338281.302,317987.28,218.4,920.8749999999999,0.022116399999999998,369122.936,36583.974,0.0954850928115944
webrtc_abtest_traces_high_loss_1746522210276.csv,high_loss,1746522210276,client_26f6a28,gcc,249.5,738530.212,687555.392,173.605,674.53,0.0085302,804659.972,36977.85,0.41152837049610813
webrtc_abtest_traces_high_loss_1746522745694.csv,high_loss,1746522745694,client_22dd61d,rl,249.5,319192.672,281363.5,185.22999999999996,834.8549999999999,0.0178742,336251.544,8775.27,0.11159271222659167
webrtc_abtest_traces_high_loss_1746522745694.csv,high_loss,1746522745694,client_26f6a28,rl,249.5,713929.754,635400.162,148.83999999999997,621.8199999999999,0.006986200000000001,737860.628,10827.62,0.4171740211795241
webrtc_abtest_traces_high_loss_1746522810276.csv,high_loss,1746522810276,client_1002fd5,gcc,249.5,48526.894,45320.52,250.0,956.735,0.04607120000000001,52679.148,9058.048,-0.2503082312826681
webrtc_abtest_traces_high_loss_1746522810276.csv,high_loss,1746522810276,client_2c1b31c,gcc,249.5,1472416.604,1364071.472,190.04999999999995,992.3299999999999,0.0368952,1604004.7,40303.164,0.7186006526592481
webrtc_abtest_traces_high_loss_1746523345694.csv,high_loss,1746523345694,client_1002fd5,rl,249.5,44166.276,39443.436,229.8,874.045,0.037325000000000004,48256.026,2054.512,-0.20758263287082104
webrtc_abtest_traces_high_loss_1746523345694.csv,high_loss,1746523345694,client_2c1b31c,rl,249.5,1442155.654,1270374.988,165.415,913.8649999999999,0.0298362,1474807.636,15758.07,0.7313769774639796
webrtc_abtest_traces_high_loss_1746523410276.csv,high_loss,1746523410276,client_1c48aea,gcc,249.5,1552410.586,1433119.836,161.33499999999998,930.92,0.0356188,1683990.754,39593.5,0.8175398057338708
webrtc_abtest_traces_high_loss_1746523410276.csv,high_loss,1746523410276,client_4afddd7,gcc,249.5,66972.076,61958.876,250.0,707.515,0.01837,72621.81,17965.256,-0.17077139355356383
webrtc_abtest_traces_high_loss_1746523945694.csv,high_loss,1746523945694,client_1c48aea,rl,249.5,1525162.006,1344975.072,137.63999999999996,841.92,0.028787,1561126.858,16583.262,0.8259328128630606
webrtc_abtest_traces_high_loss_1746523945694.csv,high_loss,1746523945694,client_4afddd7,rl,249.5,57930.418,51341.934,229.9,639.23,0.014849400000000002,66722.37,3339.818,-0.14304924955575724
webrtc_abtest_traces_high_loss_1746524010276.csv,high_loss,1746524010276,client_3c31a32,gcc,249.5,11512.668,10626.622,188.405,982.21,0.0194984,12501.716,1238.88,-0.15475942760321623
webrtc_abtest_traces_high_loss_1746524010276.csv,high_loss,1746524010276,client_4251858,gcc,249.5,634991.638,588947.108,207.20999999999998,951.5,0.0328522,692521.57,38125.846,0.3048806465377027
webrtc_abtest_traces_high_loss_1746524545694.csv,high_loss,1746524545694,client_3c31a32,rl,249.5,11282.496,10018.182,163.315,911.27,0.0157284,12059.314,241.954,-0.13019398685672182
webrtc_abtest_traces_high_loss_1746524545694.csv,high_loss,1746524545694,client_4251858,rl,249.5,610336.758,544406.212,177.96499999999995,882.9699999999999,0.0268026,634051.25,10395.62,0.3183688932842613
webrtc_abtest_traces_high_loss_1746524610276.csv,high_loss,1746524610276,client_2408e0d,gcc,249.5,698916.342,659875.84,171.75499999999994,786.61,0.0188188,768924.17,34949.332,0.34913006629366067
webrtc_abtest_traces_high_loss_1746524610276.csv,high_loss,1746524610276,client_5a83b66,gcc,249.5,177720.564,164100.336,250.0,938.905,0.024248000000000002,194476.968,26330.648,-0.11983800373965547
webrtc_abtest_traces_high_loss_1746525145694.csv,high_loss,1746525145694,client_2408e0d,rl,249.5,682893.506,604828.132,151.1999999999999,735.515,0.0153146,705958.658,11814.828,0.35806267841133693
webrtc_abtest_traces_high_loss_1746525145694.csv,high_loss,1746525145694,client_5a83b66,rl,249.5,165214.094,146138.722,229.51,860.61,0.0196446,179943.686,6747.926,-0.08699560111561334
webrtc_abtest_traces_high_loss_1746525210276.csv,high_loss,1746525210276,client_1e991a1,gcc,249.5,21600.21,20345.312,127.705,898.0,0.0456564,23437.288,2472.508,-0.10596219196183118
webrtc_abtest_traces_high_loss_1746525210276.csv,high_loss,1746525210276,client_31c51b5,gcc,249.5,310922.944,287668.862,250.0,695.515,0.021585999999999998,340904.778,37124.414,0.04153103050515086
webrtc_abtest_traces_high_loss_1746525745694.csv,high_loss,1746525745694,client_1e991a1,rl,249.5,20311.016,17827.752,108.32999999999997,834.735,0.0369244,21859.894,829.106,-0.08634268997956157
webrtc_abtest_traces_high_loss_1746525745694.csv,high_loss,1746525745694,client_31c51b5,rl,249.5,295513.94,262125.038,228.02499999999998,631.285,0.017452,316020.9,9726.326,0.0646925694783437
webrtc_abtest_traces_high_loss_1746525810276.csv,high_loss,1746525810276,client_20482a2,gcc,249.5,117903.794,110800.132,36.56499999999994,519.53,0.033563,129832.374,19705.506,0.05216981718191895
webrtc_abtest_traces_high_loss_1746525810276.csv,high_loss,1746525810276,client_2607a7f,gcc,249.5,310696.48,293656.768,85.80499999999999,862.62,0.0141776,339887.566,35160.86,0.2033549068487169
webrtc_abtest_traces_high_loss_1746526345694.csv,high_loss,1746526345694,client_20482a2,rl,249.5,109302.974,97483.342,31.4,467.23999999999995,0.027025799999999996,118856.29,3785.262,0.05558477108590616
webrtc_abtest_traces_high_loss_1746526345694.csv,high_loss,1746526345694,client_2607a7f,rl,249.5,289977.318,259890.03,73.21999999999998,801.6099999999999,0.011473800000000001,310856.332,8435.994,0.19819992588240365
webrtc_abtest_traces_high_loss_1746526410276.csv,high_loss,1746526410276,client_1810c12,gcc,249.5,119479.048,111377.496,250.0,537.405,0.0121068,130525.468,17615.78,-0.15737132624720743
webrtc_abtest_traces_high_loss_1746526410276.csv,high_loss,1746526410276,client_305e58f,gcc,249.5,20732.524,19207.34,205.41,751.6,0.036803600000000006,22600.742,2362.998,-0.1597410672281796
webrtc_abtest_traces_high_loss_1746526945694.csv,high_loss,1746526945694,client_1810c12,rl,249.5,107767.252,96729.882,229.4,485.315,0.009763999999999998,119071.92,4170.828,-0.1270402230063851
webrtc_abtest_traces_high_loss_1746526945694.csv,high_loss,1746526945694,client_305e58f,rl,249.5,18758.434,17073.92,177.87499999999994,701.205,0.0297664,20623.048,833.982,-0.13354538228884338
webrtc_abtest_traces_high_loss_1746527010276.csv,high_loss,1746527010276,client_3fdf186,gcc,249.5,14422.38,13480.766,186.31,832.1,0.010457000000000001,15798.038,2933.866,-0.07205302387518363
webrtc_abtest_traces_high_loss_1746527010276.csv,high_loss,1746527010276,client_43ddf69,gcc,249.5,505071.634,466456.398,250.0,365.515,0.0267894,550825.226,39397.872,0.23773151396464068
webrtc_abtest_traces_high_loss_1746527545694.csv,high_loss,1746527545694,client_3fdf186,rl,249.5,12860.008,11545.93,162.9,770.5,0.008536199999999999,15023.73,509.32,-0.06057497460082827
webrtc_abtest_traces_high_loss_1746527545694.csv,high_loss,1746527545694,client_43ddf69,rl,249.5,482803.97,429363.772,217.42499999999998,335.2699999999999,0.0217226,502880.968,11314.134,0.25045572884144907
webrtc_abtest_traces_low_bw_1746521652671.csv,low_bw,1746521652671,client_1c6badd,rl,249.5,723210.286,642896.458,497.05999999999983,232.82,0.0066862,750012.18,12634.002,0.15312511887562677
webrtc_abtest_traces_low_bw_1746521652671.csv,low_bw,1746521652671,client_5670893,rl,249.5,689072.276,614002.472,483.23999999999995,159.20999999999998,0.0116266,714463.028,9829.116,0.12023536956102616
webrtc_abtest_traces_low_bw_1746522252671.csv,low_bw,1746522252671,client_4759338,rl,249.5,781900.384,690560.366,440.115,137.0,0.014084,801782.638,10617.07,0.08705894674110139
webrtc_abtest_traces_low_bw_1746522252671.csv,low_bw,1746522252671,client_dde090,rl,249.5,9887.97,8729.806,355.93999999999994,118.50999999999999,0.004823399999999999,10512.506,86.106,-0.305193258618135
webrtc_abtest_traces_low_bw_1746522780572.csv,low_bw,1746522780572,client_1c6badd,gcc,249.5,758479.76,692649.092,578.025,250.0,0.008275600000000001,821286.808,38760.526,0.10282610430284636
webrtc_abtest_traces_low_bw_1746522780572.csv,low_bw,1746522780572,client_5670893,gcc,249.5,710150.812,660683.78,557.21,174.515,0.014344599999999999,775403.71,36992.688,0.06205373933712693
webrtc_abtest_traces_low_bw_1746522852671.csv,low_bw,1746522852671,client_39b665c,rl,249.5,69469.982,61517.16,486.67499999999995,167.32999999999998,0.0193078,76356.852,2286.662,-0.3269823147409152
webrtc_abtest_traces_low_bw_1746522852671.csv,low_bw,1746522852671,client_f5ae5f,rl,249.5,237156.844,213134.434,526.16,218.70499999999998,0.0158216,252409.638,7449.412,-0.29221815920838157
webrtc_abtest_traces_low_bw_1746523380572.csv,low_bw,1746523380572,client_4759338,gcc,249.5,796907.088,741564.578,498.68999999999994,153.24499999999995,0.0173718,869594.468,26169.854,0.025198262993102957
webrtc_abtest_traces_low_bw_1746523380572.csv,low_bw,1746523380572,client_dde090,gcc,249.5,9912.552,9185.466,410.605,132.4,0.005943,10792.106,836.56,-0.3581990450617657
webrtc_abtest_traces_low_bw_1746523452671.csv,low_bw,1746523452671,client_5776608,rl,249.5,453660.026,403751.766,412.40999999999997,233.70499999999998,0.0171988,475499.558,9429.004,-0.016621734858285386
webrtc_abtest_traces_low_bw_1746523452671.csv,low_bw,1746523452671,client_d3955b,rl,249.5,644008.378,573657.52,376.66999999999996,217.85999999999996,0.0130418,668952.462,8888.886,0.14325947243103804
webrtc_abtest_traces_low_bw_1746523980572.csv,low_bw,1746523980572,client_39b665c,gcc,249.5,75518.134,70545.362,560.705,186.82999999999998,0.0237038,82427.358,11469.178,-0.39105265443993165
webrtc_abtest_traces_low_bw_1746523980572.csv,low_bw,1746523980572,client_f5ae5f,gcc,249.5,250896.242,231274.806,594.41,236.20499999999998,0.0194602,273903.198,29607.532,-0.37042063391982666
webrtc_abtest_traces_low_bw_1746524052671.csv,low_bw,1746524052671,client_2023205,rl,249.5,56282.948,50155.576,504.23499999999996,233.905,0.023525599999999997,61336.424,1743.19,-0.40765814161555064
webrtc_abtest_traces_low_bw_1746524052671.csv,low_bw,1746524052671,client_2a47235,rl,249.5,254585.276,224494.678,365.74999999999994,173.21499999999997,0.0014956000000000001,265849.354,6064.164,-0.12681148517394047
webrtc_abtest_traces_low_bw_1746524580572.csv,low_bw,1746524580572,client_5776608,gcc,249.5,475882.012,439552.72,466.51,250.0,0.021252,519673.67,35736.77,-0.0703407480866908
webrtc_abtest_traces_low_bw_1746524580572.csv,low_bw,1746524580572,client_d3955b,gcc,249.5,653768.104,615094.136,431.53,238.92499999999998,0.016147599999999998,723284.334,40053.922,0.08637827777258628
webrtc_abtest_traces_low_bw_1746524652671.csv,low_bw,1746524652671,client_1792009,rl,249.5,618365.318,549924.434,486.0149999999999,83.51999999999998,0.0125564,642159.434,10483.982,0.04313971782537958
webrtc_abtest_traces_low_bw_1746524652671.csv,low_bw,1746524652671,client_4a7c937,rl,249.5,678918.646,601259.314,364.71999999999997,148.92999999999998,0.0255048,699944.658,9833.796,0.16045277022585033
webrtc_abtest_traces_low_bw_1746525180572.csv,low_bw,1746525180572,client_2023205,gcc,249.5,61125.178,56337.034,566.3,250.0,0.0290818,66126.494,10959.61,-0.4864425794804466
webrtc_abtest_traces_low_bw_1746525180572.csv,low_bw,1746525180572,client_2a47235,gcc,249.5,266473.0,244905.384,417.11,190.12499999999997,0.0018414,289148.666,20061.076,-0.17717428740335048
webrtc_abtest_traces_low_bw_1746525252671.csv,low_bw,1746525252671,client_2827106,rl,249.5,354712.386,313479.216,437.03,172.825,0.015024999999999998,371524.124,8521.196,-0.07499137669725883
webrtc_abtest_traces_low_bw_1746525252671.csv,low_bw,1746525252671,client_485657e,rl,249.5,393793.794,351209.36,478.905,157.31,0.0222706,413953.984,9670.11,-0.08061773223865396
webrtc_abtest_traces_low_bw_1746525780572.csv,low_bw,1746525780572,client_1792009,gcc,249.5,636823.97,588576.202,552.01,95.21,0.015493999999999999,696959.638,38040.552,-0.02138114509586686
webrtc_abtest_traces_low_bw_1746525780572.csv,low_bw,1746525780572,client_4a7c937,gcc,249.5,687994.698,643502.234,427.2649999999999,168.51999999999998,0.0316752,756705.57,39502.912,0.10182355138352793
webrtc_abtest_traces_low_bw_1746525852671.csv,low_bw,1746525852671,client_13d8076,rl,249.5,20712.618,18242.35,555.5,238.105,0.0024648,23290.408,1042.99,-0.49747458274710105
webrtc_abtest_traces_low_bw_1746525852671.csv,low_bw,1746525852671,client_41d3b63,rl,249.5,1085198.114,955769.178,463.35999999999996,171.32,0.023079799999999998,1113324.564,12776.452,0.27915691058281017
webrtc_abtest_traces_low_bw_1746526380572.csv,low_bw,1746526380572,client_2827106,gcc,249.5,368151.882,341404.166,492.91999999999996,192.5,0.018560000000000004,402049.504,29485.298,-0.1278799750378873
webrtc_abtest_traces_low_bw_1746526380572.csv,low_bw,1746526380572,client_485657e,gcc,249.5,410283.0,378773.586,553.42,174.9,0.0276144,448021.016,35281.062,-0.1400742966102168
webrtc_abtest_traces_low_bw_1746526452671.csv,low_bw,1746526452671,client_5652917,rl,249.5,617836.71,550410.03,538.915,237.11499999999998,0.034863,642843.976,9428.172,-0.05986013450566195
webrtc_abtest_traces_low_bw_1746526452671.csv,low_bw,1746526452671,client_5e5e330,rl,249.5,125550.022,111497.366,341.005,235.505,0.0214726,136499.972,5687.034,-0.21749944284737727
webrtc_abtest_traces_low_bw_1746526980572.csv,low_bw,1746526980572,client_13d8076,gcc,249.5,22874.388,21229.114,600.0,250.0,0.0030505999999999997,24912.678,4809.364,-0.5817570143935036
webrtc_abtest_traces_low_bw_1746526980572.csv,low_bw,1746526980572,client_41d3b63,gcc,249.5,1109921.748,1024680.894,519.8599999999999,189.31,0.0284522,1207907.768,41759.398,0.21188529097048348
webrtc_abtest_traces_low_bw_1746527052671.csv,low_bw,1746527052671,client_3ce6e13,rl,249.5,588857.212,523565.83,385.84,226.0,0.0066008,612178.97,11755.474,0.09922802128406374
webrtc_abtest_traces_low_bw_1746527052671.csv,low_bw,1746527052671,client_deb8f3,rl,249.5,298776.08,263181.242,425.14,174.43499999999997,0.0122196,312872.764,6633.166,-0.10154591005677915
webrtc_abtest_traces_low_bw_1746527580572.csv,low_bw,1746527580572,client_5652917,gcc,249.5,645302.572,595716.94,600.0,250.0,0.042971800000000004,702073.88,38279.748,-0.1394272975484582
webrtc_abtest_traces_low_bw_1746527580572.csv,low_bw,1746527580572,client_5e5e330,gcc,249.5,138117.466,126121.166,402.605,250.0,0.026554,148595.166,19840.848,-0.26603220053370713
webrtc_abtest_traces_low_bw_1746528180572.csv,low_bw,1746528180572,client_3ce6e13,gcc,249.5,600160.77,567486.006,443.5,250.0,0.008163,663999.52,39653.356,0.04580334109166619
webrtc_abtest_traces_low_bw_1746528180572.csv,low_bw,1746528180572,client_deb8f3,gcc,249.5,307807.55,290561.032,488.655,191.305,0.0150404,340520.712,31410.478,-0.1581076011848627
webrtc_abtest_traces_lte_1746523371170.csv,lte,1746523371170,client_594ff4e,rl,249.5,145176.114,126597.006,1080.11,67.51499999999999,0.0186308,154633.148,5401.7,-0.8676423965921257
webrtc_abtest_traces_lte_1746523371170.csv,lte,1746523371170,client_5e1f462,rl,249.5,187184.612,163930.53,1285.9199999999998,95.1,0.014852400000000002,199751.374,5320.24,-0.9255346416615634
webrtc_abtest_traces_lte_1746523971170.csv,lte,1746523971170,client_2589ce7,rl,249.5,23245.684,20553.604,1265.31,93.905,0.007652999999999999,27202.35,1615.65,-1.0500930785143745
webrtc_abtest_traces_lte_1746523971170.csv,lte,1746523971170,client_3a7d16f,rl,249.5,159725.806,141132.156,1328.55,92.405,0.0004012,171173.522,5264.426,-1.0581646800150397
webrtc_abtest_traces_lte_1746524571170.csv,lte,1746524571170,client_452670a,rl,249.5,849155.87,757066.576,1457.92,87.02499999999998,0.0011776,873282.922,12474.312,-0.7404025285938522
webrtc_abtest_traces_lte_1746524571170.csv,lte,1746524571170,client_b5eddf,rl,249.5,520813.424,463396.132,1385.165,65.0,0.019606800000000004,540548.58,9690.574,-0.8599531403874838
webrtc_abtest_traces_lte_1746524650087.csv,lte,1746524650087,client_594ff4e,gcc,249.5,152741.7,142289.302,1204.01,75.705,0.0230008,168105.844,20326.444,-1.0362636158259348
webrtc_abtest_traces_lte_1746524650087.csv,lte,1746524650087,client_5e1f462,gcc,249.5,196452.008,183503.194,1454.3149999999998,100.0,0.0183078,216267.01,24939.304,-1.1067396673472174
webrtc_abtest_traces_lte_1746525171170.csv,lte,1746525171170,client_11dfe9f,rl,249.5,12156.178,10702.868,1390.83,95.4,0.0082042,14505.644,579.024,-1.2154761904628553
webrtc_abtest_traces_lte_1746525171170.csv,lte,1746525171170,client_474931a,rl,249.5,174668.028,155687.21,1266.085,92.405,0.014177,189156.364,5820.056,-1.024518534810008
webrtc_abtest_traces_lte_1746525250087.csv,lte,1746525250087,client_2589ce7,gcc,249.5,26300.232,24582.882,1438.42,100.0,0.0095076,28908.09,5370.376,-1.2342161573181247
webrtc_abtest_traces_lte_1746525250087.csv,lte,1746525250087,client_3a7d16f,gcc,249.5,165101.142,156273.96,1504.135,100.0,0.0004963999999999999,183776.164,20258.988,-1.2560070198844717
webrtc_abtest_traces_lte_1746525771170.csv,lte,1746525771170,client_122d087,rl,249.5,384917.78,344348.482,1093.0099999999998,87.005,0.0023657999999999995,401089.18,6443.232,-0.7006943563070245
webrtc_abtest_traces_lte_1746525771170.csv,lte,1746525771170,client_4b28a7e,rl,249.5,10403.97,9275.97,1145.34,87.705,0.025027999999999998,11092.132,118.696,-0.9809688878188906
webrtc_abtest_traces_lte_1746525850087.csv,lte,1746525850087,client_452670a,gcc,249.5,865351.402,808402.338,1600.0,98.005,0.0014704,951333.324,38132.414,-0.9613311675796133
webrtc_abtest_traces_lte_1746525850087.csv,lte,1746525850087,client_b5eddf,gcc,249.5,533011.79,489853.058,1542.43,74.91,0.024294600000000003,581702.366,38335.114,-1.0755288890436348
webrtc_abtest_traces_lte_1746526371170.csv,lte,1746526371170,client_160a062,rl,249.5,33374.144,29514.604,1345.35,92.1,0.0227666,40964.792,2194.5,-1.0738095759937332
webrtc_abtest_traces_lte_1746526371170.csv,lte,1746526371170,client_418cc1a,rl,249.5,26306.3,23388.786,1363.2350000000001,60.30999999999999,0.011922,28036.542,1081.608,-1.1733963803522833
webrtc_abtest_traces_lte_1746526450087.csv,lte,1746526450087,client_11dfe9f,gcc,249.5,14311.372,13180.948,1563.695,100.0,0.010148999999999998,15480.32,3970.848,-1.4230183336339473
webrtc_abtest_traces_lte_1746526450087.csv,lte,1746526450087,client_474931a,gcc,249.5,184846.472,173427.89,1413.805,100.0,0.0174406,203575.396,27025.662,-1.2239816888129451
webrtc_abtest_traces_lte_1746526971170.csv,lte,1746526971170,client_296e31d,rl,249.5,146468.184,130200.616,1173.305,78.205,0.0152578,154765.538,3602.6,-0.9752107510233462
webrtc_abtest_traces_lte_1746526971170.csv,lte,1746526971170,client_5c7432f,rl,249.5,1083320.648,952252.002,1260.71,95.2,0.0322684,1105876.924,13454.712,-0.5174805252723695
webrtc_abtest_traces_lte_1746527050087.csv,lte,1746527050087,client_122d087,gcc,249.5,406622.992,375793.322,1226.55,96.10999999999999,0.0029138,440849.952,19580.836,-0.8570918757124136
webrtc_abtest_traces_lte_1746527050087.csv,lte,1746527050087,client_4b28a7e,gcc,249.5,10416.436,9898.286,1301.225,99.51499999999999,0.0307926,11589.108,1116.112,-1.153838125499608
webrtc_abtest_traces_lte_1746527571170.csv,lte,1746527571170,client_2c89684,rl,249.5,202800.084,180745.824,1208.24,95.2,0.0026533999999999998,217779.734,6861.35,-0.8774316990743393
webrtc_abtest_traces_lte_1746527571170.csv,lte,1746527571170,client_5dcc6d2,rl,249.5,324930.294,289174.462,1131.21,94.30499999999999,0.0039818,341235.536,6791.62,-0.7801116847656142
webrtc_abtest_traces_lte_1746527650087.csv,lte,1746527650087,client_160a062,gcc,249.5,40899.074,38054.39,1525.11,100.0,0.0281556,44596.75,13239.186,-1.2556132607673685
webrtc_abtest_traces_lte_1746527650087.csv,lte,1746527650087,client_418cc1a,gcc,249.5,28005.024,25652.898,1547.8,68.33999999999996,0.014731999999999999,30248.582,4110.546,-1.3823498980028717
webrtc_abtest_traces_lte_1746528171170.csv,lte,1746528171170,client_26f3116,rl,249.5,9765.512,8683.79,1244.02,41.904999999999994,0.0271814,10180.018,26.104,-1.151377507619271
webrtc_abtest_traces_lte_1746528171170.csv,lte,1746528171170,client_9f49e2,rl,249.5,76613.378,66991.466,1142.28,89.41499999999999,0.006167400000000001,83381.526,3306.89,-0.9584551397210999
webrtc_abtest_traces_lte_1746528250087.csv,lte,1746528250087,client_296e31d,gcc,249.5,154334.204,144098.952,1297.41,87.12999999999997,0.0188236,168991.644,14925.418,-1.1592475519183576
webrtc_abtest_traces_lte_1746528250087.csv,lte,1746528250087,client_5c7432f,gcc,249.5,1121132.62,1039299.798,1395.5149999999999,100.0,0.039908400000000004,1214812.092,40034.082,-0.7047101214906638
webrtc_abtest_traces_lte_1746528771170.csv,lte,1746528771170,client_1f6a2cb,rl,249.5,755358.03,668883.672,1275.705,93.9,0.0182546,776275.076,10987.236,-0.6355830772904796
webrtc_abtest_traces_lte_1746528771170.csv,lte,1746528771170,client_4c9dc96,rl,249.5,213644.338,189080.072,1307.78,67.705,0.0237076,224140.476,5076.402,-0.9581835763791325
webrtc_abtest_traces_lte_1746528850087.csv,lte,1746528850087,client_2c89684,gcc,249.5,215877.024,199207.472,1345.625,100.0,0.0032915999999999996,236785.916,25962.538,-1.053248375863817
webrtc_abtest_traces_lte_1746528850087.csv,lte,1746528850087,client_5dcc6d2,gcc,249.5,336148.132,310900.086,1267.9,100.0,0.0049264,366567.956,25844.976,-0.9492981965987968
webrtc_abtest_traces_lte_1746529450087.csv,lte,1746529450087,client_26f3116,gcc,249.5,9513.982,8746.018,1384.61,47.30999999999999,0.0335954,10347.438,357.484,-1.3556571312814827
webrtc_abtest_traces_lte_1746529450087.csv,lte,1746529450087,client_9f49e2,gcc,249.5,83393.268,77203.58,1276.31,98.9,0.0076289999999999995,90260.768,14474.998,-1.13303929897438
webrtc_abtest_traces_lte_1746530050087.csv,lte,1746530050087,client_1f6a2cb,gcc,249.5,771110.424,718894.928,1418.31,100.0,0.022481,842763.95,39658.144,-0.8318949356485121
webrtc_abtest_traces_lte_1746530050087.csv,lte,1746530050087,client_4c9dc96,gcc,249.5,221981.476,205390.418,1494.11,76.80999999999999,0.029222,243931.622,20719.908,-1.1483661087591734
webrtc_abtest_traces_very_bad_1746520036072.csv,very_bad,1746520036072,client_37e0c09,rl,249.5,2360087.13,2080151.14,956.22,129.1,0.008189800000000002,2481290.196,26782.514,0.6444796979802347
webrtc_abtest_traces_very_bad_1746520036072.csv,very_bad,1746520036072,client_3c00336,rl,249.5,248316.694,220208.876,1028.1999999999998,633.3999999999996,0.0009410000000000001,265498.578,7436.424,-0.4939787600002297
webrtc_abtest_traces_very_bad_1746520636072.csv,very_bad,1746520636072,client_10f7f42,rl,249.5,764072.548,673016.008,1045.75,268.23999999999995,0.0017163999999999999,803667.554,11857.658,-0.27274623725609315
webrtc_abtest_traces_very_bad_1746520636072.csv,very_bad,1746520636072,client_1d5b225,rl,249.5,115001.838,100874.05,1047.91,699.6499999999999,0.0011336,121021.806,2906.398,-0.8033150537225993
webrtc_abtest_traces_very_bad_1746521236072.csv,very_bad,1746521236072,client_28a1a50,rl,249.5,197999.902,172784.738,1243.55,666.01,0.011656200000000002,208851.21,5905.42,-0.942360662203347
webrtc_abtest_traces_very_bad_1746521236072.csv,very_bad,1746521236072,client_52f82a5,rl,249.5,1205990.026,1059490.9,688.105,387.405,0.0141634,1265819.212,14411.796,0.16818545118380432
webrtc_abtest_traces_very_bad_1746521536652.csv,very_bad,1746521536652,client_37e0c09,gcc,249.5,3108580.484,2862032.21,1121.6149999999998,149.1,0.010889800000000002,3376947.178,40906.912,0.7120643413574875
webrtc_abtest_traces_very_bad_1746521536652.csv,very_bad,1746521536652,client_3c00336,gcc,249.5,334774.2,314428.522,1244.115,767.0,0.0012649999999999998,367657.942,30178.426,-0.6050814653700384
webrtc_abtest_traces_very_bad_1746521836072.csv,very_bad,1746521836072,client_168e623,rl,249.5,290138.07,253581.78,1119.745,318.2699999999999,0.008841799999999999,306083.284,7955.728,-0.76560984407042
webrtc_abtest_traces_very_bad_1746521836072.csv,very_bad,1746521836072,client_1bc733b,rl,249.5,2128299.998,1868077.464,1023.9199999999998,660.14,0.011006,2248399.45,23984.542,0.256405480294994
webrtc_abtest_traces_very_bad_1746522136652.csv,very_bad,1746522136652,client_10f7f42,gcc,249.5,998068.76,937168.634,1280.9250000000002,314.0,0.0023020000000000002,1092858.494,40337.652,-0.35603485247790784
webrtc_abtest_traces_very_bad_1746522136652.csv,very_bad,1746522136652,client_1d5b225,gcc,249.5,149613.94,135664.91,1248.72,830.5449999999996,0.0015182,161938.694,12184.308,-0.9897499108336469
webrtc_abtest_traces_very_bad_1746522436072.csv,very_bad,1746522436072,client_239cf4d,rl,249.5,618669.916,542363.416,1127.5549999999998,730.5999999999998,0.022219799999999998,652220.354,9334.75,-0.5606806978150798
webrtc_abtest_traces_very_bad_1746522436072.csv,very_bad,1746522436072,client_26f7be8,rl,249.5,73937.702,64084.952,367.32,656.145,0.00022000000000000003,80002.52,3518.62,-0.24130089728800083
webrtc_abtest_traces_very_bad_1746522736652.csv,very_bad,1746522736652,client_28a1a50,gcc,249.5,258349.94,240514.24,1460.32,773.81,0.0155404,283501.64,25739.938,-1.1663601882794006
webrtc_abtest_traces_very_bad_1746522736652.csv,very_bad,1746522736652,client_52f82a5,gcc,249.5,1580292.676,1468343.762,797.62,436.4,0.0189268,1721717.844,39087.366,0.17084303523205893
webrtc_abtest_traces_very_bad_1746523036072.csv,very_bad,1746523036072,client_16c9dc6,rl,249.5,1228516.572,1082553.504,1086.8999999999999,467.04999999999984,0.0135312,1290076.04,15430.562,0.05474239801297692
webrtc_abtest_traces_very_bad_1746523036072.csv,very_bad,1746523036072,client_291b1ee,rl,249.5,1012733.432,886215.15,949.005,581.0799999999997,0.00063,1060336.376,15208.49,-0.20892172770138204
webrtc_abtest_traces_very_bad_1746523336652.csv,very_bad,1746523336652,client_168e623,gcc,249.5,383278.37,357326.462,1289.305,377.61,0.0118654,420067.31,39691.366,-0.9478320842230228
webrtc_abtest_traces_very_bad_1746523336652.csv,very_bad,1746523336652,client_1bc733b,gcc,249.5,2752490.252,2556099.088,1212.92,782.515,0.014709800000000002,3003823.102,39766.954,0.22387857352312418
webrtc_abtest_traces_very_bad_1746523636072.csv,very_bad,1746523636072,client_39f5ff2,rl,249.5,1223913.472,1077055.776,1009.645,617.31,0.0027564,1283875.656,15034.486,-0.021715192527629584
webrtc_abtest_traces_very_bad_1746523636072.csv,very_bad,1746523636072,client_3ef431c,rl,249.5,1005448.532,885252.806,357.2849999999999,421.5899999999999,0.0075092,1054903.042,13578.922,0.4802156526186087
webrtc_abtest_traces_very_bad_1746523936652.csv,very_bad,1746523936652,client_239cf4d,gcc,249.5,800796.71,745997.1,1353.8049999999998,851.6,0.0297336,883317.774,29927.52,-0.7182579102822038
webrtc_abtest_traces_very_bad_1746523936652.csv,very_bad,1746523936652,client_26f7be8,gcc,249.5,97736.872,92106.074,431.1049999999999,760.9849999999999,0.00029379999999999993,108507.472,15749.102,-0.29574644929285
webrtc_abtest_traces_very_bad_1746524236072.csv,very_bad,1746524236072,client_4469cbe,rl,249.5,2029198.042,1784560.436,1133.6599999999999,401.8899999999998,0.0118582,2135812.036,22774.002,0.45035045641296795
webrtc_abtest_traces_very_bad_1746524236072.csv,very_bad,1746524236072,client_5d67aa7,rl,249.5,529056.684,463662.014,714.5149999999998,492.315,0.0027504,555318.976,9301.42,-0.09339063629545467
webrtc_abtest_traces_very_bad_1746524536652.csv,very_bad,1746524536652,client_16c9dc6,gcc,249.5,1624051.696,1494305.668,1306.285,549.6099999999999,0.0180224,1774640.306,38328.212,0.03468816953214788
webrtc_abtest_traces_very_bad_1746524536652.csv,very_bad,1746524536652,client_291b1ee,gcc,249.5,1309192.174,1227940.474,1111.625,685.64,0.0008512,1438892.268,39536.276,-0.29145231093809076
webrtc_abtest_traces_very_bad_1746524836072.csv,very_bad,1746524836072,client_15c8cc9,rl,249.5,1361806.348,1193418.318,853.9149999999997,422.145,0.007877599999999998,1431596.754,17226.926,0.2445124836780248
webrtc_abtest_traces_very_bad_1746524836072.csv,very_bad,1746524836072,client_489bf7d,rl,249.5,2275786.378,2001342.15,900.6949999999998,574.67,0.0191982,2396771.892,25123.894,0.5833670880441937
webrtc_abtest_traces_very_bad_1746525136652.csv,very_bad,1746525136652,client_39f5ff2,gcc,249.5,1598212.758,1481720.746,1185.91,719.17,0.0036541999999999994,1746554.086,40190.188,-0.05966337848403296
webrtc_abtest_traces_very_bad_1746525136652.csv,very_bad,1746525136652,client_3ef431c,gcc,249.5,1319083.848,1231663.994,437.91999999999996,485.605,0.0100426,1443867.672,38403.372,0.5703301076906419
webrtc_abtest_traces_very_bad_1746525436072.csv,very_bad,1746525436072,client_2020797,rl,249.5,21283.486,18653.918,1239.61,716.5,0.0029568000000000003,24133.708,1415.668,-1.0447260351124006
webrtc_abtest_traces_very_bad_1746525436072.csv,very_bad,1746525436072,client_2fc45cb,rl,249.5,1743131.068,1543359.306,408.3149999999998,474.4049999999999,0.019674399999999998,1833932.582,20713.02,0.658750335910858
webrtc_abtest_traces_very_bad_1746525736652.csv,very_bad,1746525736652,client_4469cbe,gcc,249.5,2667134.564,2481804.296,1396.0349999999999,490.305,0.0158102,2919626.27,40212.682,0.4848794887197878
webrtc_abtest_traces_very_bad_1746525736652.csv,very_bad,1746525736652,client_5d67aa7,gcc,249.5,694234.68,641182.824,857.705,571.3449999999999,0.0037012,757761.71,39893.79,-0.11474643250948043
webrtc_abtest_traces_very_bad_1746526336652.csv,very_bad,1746526336652,client_15c8cc9,gcc,249.5,1792534.736,1660705.55,1042.115,488.67499999999984,0.010568800000000001,1954825.316,40356.462,0.2614331642725998
webrtc_abtest_traces_very_bad_1746526336652.csv,very_bad,1746526336652,client_489bf7d,gcc,249.5,2961932.504,2778494.878,1101.9599999999998,681.9449999999998,0.025654999999999997,3255881.462,38679.7,0.627204041824963
webrtc_abtest_traces_very_bad_1746526936652.csv,very_bad,1746526936652,client_2020797,gcc,249.5,28368.386,27010.18,1462.8149999999998,803.01,0.003951,31608.188,7118.718,-1.2963671151722156
webrtc_abtest_traces_very_bad_1746526936652.csv,very_bad,1746526936652,client_2fc45cb,gcc,249.5,2269959.912,2108319.328,509.42999999999995,559.5,0.0262138,2487856.614,37905.764,0.7494069259375942
