timestamp,clientId,rtt_ms,jitter,loss_rate,recv_bps,send_bps,estimated_bw_bps
1775047903848,kCtNDfGzjn2kbQXlAAAB,38,15,0.0134,0,0,92400
1775047902865,pUGjlmEbcOkSLl-yAAAE,33,16,0.0137,0,0,96603
1775047903365,pUGjlmEbcOkSLl-yAAAE,33,26,0.0137,32256,35027,92400
1775047904850,kCtNDfGzjn2kbQXlAAAB,38,14,0.0134,33184,27282,93980
1775047903864,pUGjlmEbcOkSLl-yAAAE,33,23,0.0137,28209,26202,97175
1775047904365,pUGjlmEbcOkSLl-yAAAE,33,27,0.0137,48700,37429,98807
1775047905844,kCtNDfGzjn2kbQXlAAAB,38,10,0.0134,31613,36885,99114
1775047904864,pUGjlmEbcOkSLl-yAAAE,33,23,0.0137,24432,22523,101762
1775047905364,pUGjlmEbcOkSLl-yAAAE,236,20,0.0137,36044,34971,103601
1775047906854,kCtNDfGzjn2kbQXlAAAB,237,20,0.0134,29018,26600,104311
1775047905864,pUGjlmEbcOkSLl-yAAAE,236,32,0.0137,17059,31748,92400
1775047906367,pUGjlmEbcOkSLl-yAAAE,236,32,0.0137,39400,22808,92921
1775047907854,kCtNDfGzjn2kbQXlAAAB,237,25,0.0134,25489,32579,92400
1775047906865,pUGjlmEbcOkSLl-yAAAE,236,20,0.0137,34374,34294,93977
1775047907369,pUGjlmEbcOkSLl-yAAAE,236,15,0.0137,34017,34415,93977
1775047908844,kCtNDfGzjn2kbQXlAAAB,0,17,0.0134,34521,34141,0
1775047907864,pUGjlmEbcOkSLl-yAAAE,241,13,0.0137,25017,24629,96962
1775047908364,pUGjlmEbcOkSLl-yAAAE,241,16,0.0137,26670,35624,100216
1775047909845,kCtNDfGzjn2kbQXlAAAB,218,18,0.0134,31595,29565,98410
1775047908864,pUGjlmEbcOkSLl-yAAAE,241,15,0.0137,35068,30010,92400
1775047909369,pUGjlmEbcOkSLl-yAAAE,241,16,0.0137,31924,23363,93439
1775047910847,kCtNDfGzjn2kbQXlAAAB,218,10,0.0134,25143,27531,103084
1775047909865,pUGjlmEbcOkSLl-yAAAE,241,13,0.0137,33831,43583,95504
1775047910377,pUGjlmEbcOkSLl-yAAAE,0,13,0.0137,27451,22242,0
1775047911849,kCtNDfGzjn2kbQXlAAAB,221,15,0.0134,35533,36364,107235
1775047910865,pUGjlmEbcOkSLl-yAAAE,255,11,0.0137,34955,43661,100371
1775047911364,pUGjlmEbcOkSLl-yAAAE,255,9,0.0137,27104,13584,102141
1775047912851,kCtNDfGzjn2kbQXlAAAB,221,16,0.0134,32569,27185,113968
1775047911864,pUGjlmEbcOkSLl-yAAAE,255,6,0.0137,31469,36372,105608
1775047912364,pUGjlmEbcOkSLl-yAAAE,255,6,0.0137,43059,26637,108878
1775047913847,kCtNDfGzjn2kbQXlAAAB,221,13,0.0134,27265,38452,120053
1775047912863,pUGjlmEbcOkSLl-yAAAE,255,7,0.0137,36726,35233,110529
1775047913364,pUGjlmEbcOkSLl-yAAAE,231,9,0.0137,41781,33716,113728
1775047914854,kCtNDfGzjn2kbQXlAAAB,265,12,0.0134,29403,42746,126322
1775047913865,pUGjlmEbcOkSLl-yAAAE,231,8,0.0137,43650,32497,117024
1775047914364,pUGjlmEbcOkSLl-yAAAE,231,10,0.0137,48232,28471,120210
1775047915854,kCtNDfGzjn2kbQXlAAAB,265,10,0.0134,37980,42953,132406
1775047914864,pUGjlmEbcOkSLl-yAAAE,231,8,0.0137,38495,50178,121908
1775047915364,pUGjlmEbcOkSLl-yAAAE,231,8,0.0137,55041,37969,125207
1775047916850,kCtNDfGzjn2kbQXlAAAB,0,10,0.0134,36667,60142,0
1775047915864,pUGjlmEbcOkSLl-yAAAE,0,11,0.0137,74018,31607,0
1775047916364,pUGjlmEbcOkSLl-yAAAE,257,9,0.0137,80807,41052,130925
1775047917854,kCtNDfGzjn2kbQXlAAAB,232,10,0.0134,43316,69740,146757
1775047916865,pUGjlmEbcOkSLl-yAAAE,257,8,0.0137,54313,59065,134713
1775047917365,pUGjlmEbcOkSLl-yAAAE,257,16,0.0137,73019,49599,136692
1775047918854,kCtNDfGzjn2kbQXlAAAB,232,13,0.0134,54719,67086,159767
1775047917864,pUGjlmEbcOkSLl-yAAAE,257,13,0.0137,61942,54737,92400
1775047918364,pUGjlmEbcOkSLl-yAAAE,257,11,0.0137,100684,36454,94612
1775047919849,kCtNDfGzjn2kbQXlAAAB,239,26,0.0134,42630,89401,170928
1775047918864,pUGjlmEbcOkSLl-yAAAE,258,12,0.0137,83144,29414,96866
1775047919363,pUGjlmEbcOkSLl-yAAAE,258,10,0.0137,99976,27852,98047
1775047920845,kCtNDfGzjn2kbQXlAAAB,239,20,0.0134,30036,93666,186305
1775047919864,pUGjlmEbcOkSLl-yAAAE,258,9,0.0137,78708,40290,101052
1775047920364,pUGjlmEbcOkSLl-yAAAE,258,8,0.0137,104611,24098,104371
1775047921845,kCtNDfGzjn2kbQXlAAAB,239,15,0.0134,27766,90515,201681
1775047920865,pUGjlmEbcOkSLl-yAAAE,258,7,0.0137,98966,26944,107196
1775047921370,pUGjlmEbcOkSLl-yAAAE,0,9,0.0137,97527,41144,0
1775047922850,kCtNDfGzjn2kbQXlAAAB,230,9,0.0134,32548,106741,217975
1775047921864,pUGjlmEbcOkSLl-yAAAE,239,14,0.0137,108819,24251,113007
1775047922365,pUGjlmEbcOkSLl-yAAAE,239,18,0.0137,108595,32308,114439
1775047923847,kCtNDfGzjn2kbQXlAAAB,230,20,0.0134,32867,110206,232601
1775047922865,pUGjlmEbcOkSLl-yAAAE,239,20,0.0137,123853,31119,117107
1775047923364,pUGjlmEbcOkSLl-yAAAE,239,26,0.0137,97899,34003,118637
1775047923864,pUGjlmEbcOkSLl-yAAAE,239,29,0.0137,56669,34165,119831
1775047924845,kCtNDfGzjn2kbQXlAAAB,0,23,0.0134,31358,106884,0
1775047925848,kCtNDfGzjn2kbQXlAAAB,512,46,0.0134,31529,84826,148018
1775047926855,kCtNDfGzjn2kbQXlAAAB,512,64,0.0134,17901,49291,92400
1775047924364,pUGjlmEbcOkSLl-yAAAE,0,33,0.0137,77167,58592,0
1775047925864,pUGjlmEbcOkSLl-yAAAE,733,74,0.0137,40787,42248,92400
1775047925376,pUGjlmEbcOkSLl-yAAAE,733,63,0.0137,3885,43429,92400
1775047924865,pUGjlmEbcOkSLl-yAAAE,733,59,0.0137,57433,40333,92400
1775047927849,kCtNDfGzjn2kbQXlAAAB,0,96,0.0134,29833,47456,0
1775047926864,pUGjlmEbcOkSLl-yAAAE,0,104,0.0137,7592,36243,0
1775047926365,pUGjlmEbcOkSLl-yAAAE,733,104,0.0137,47157,53261,92400
1775047927366,pUGjlmEbcOkSLl-yAAAE,0,124,0.0137,52447,51025,0
1775047927865,pUGjlmEbcOkSLl-yAAAE,0,105,0.0137,44248,39155,0
1775047928364,pUGjlmEbcOkSLl-yAAAE,0,88,0.0137,43512,53225,0
1775047928864,pUGjlmEbcOkSLl-yAAAE,0,102,0.0137,27203,46070,0
1775047929364,pUGjlmEbcOkSLl-yAAAE,0,162,0.0137,34690,41884,0
1775047929864,pUGjlmEbcOkSLl-yAAAE,574,140,0.0137,38823,49755,92400
1775047930364,pUGjlmEbcOkSLl-yAAAE,574,213,0.0137,47563,55367,92400
1775047928846,kCtNDfGzjn2kbQXlAAAB,447,100,0.0135,30045,47570,92400
1775047929850,kCtNDfGzjn2kbQXlAAAB,447,173,0.0135,31251,52733,92400
1775047930853,kCtNDfGzjn2kbQXlAAAB,447,603,0.0135,34928,49796,92400
1775047931844,kCtNDfGzjn2kbQXlAAAB,0,817,0.0135,42479,49220,0
1775047930864,pUGjlmEbcOkSLl-yAAAE,574,273,0.0137,59953,50097,94392
1775047931365,pUGjlmEbcOkSLl-yAAAE,574,241,0.0137,38576,50638,94392
1775047932850,kCtNDfGzjn2kbQXlAAAB,512,646,0.0135,56845,49043,92400
1775047931864,pUGjlmEbcOkSLl-yAAAE,0,322,0.0137,50371,48430,0
1775047932364,pUGjlmEbcOkSLl-yAAAE,669,321,0.0137,36572,64217,102434
1775047932864,pUGjlmEbcOkSLl-yAAAE,669,325,0.0137,58713,60348,92400
1775047933864,pUGjlmEbcOkSLl-yAAAE,669,384,0.0137,59616,63711,96265
1775047933364,pUGjlmEbcOkSLl-yAAAE,669,366,0.0137,43858,61372,93914
1775047934364,pUGjlmEbcOkSLl-yAAAE,669,387,0.0137,50223,50367,96792
1775047933845,kCtNDfGzjn2kbQXlAAAB,512,817,0.0135,56498,50114,94826
1775047934845,kCtNDfGzjn2kbQXlAAAB,0,720,0.0135,58742,51710,0
1775047935856,kCtNDfGzjn2kbQXlAAAB,0,640,0.0135,52887,54755,0
1775047934864,pUGjlmEbcOkSLl-yAAAE,0,374,0.0137,60660,59762,0
1775047935372,pUGjlmEbcOkSLl-yAAAE,453,369,0.0137,55092,59834,93908
1775047935864,pUGjlmEbcOkSLl-yAAAE,453,269,0.0137,58423,70964,102215
1775047936847,kCtNDfGzjn2kbQXlAAAB,495,505,0.0135,46909,57215,99179
1775047936364,pUGjlmEbcOkSLl-yAAAE,453,198,0.0137,55516,49013,92400
1775047937846,kCtNDfGzjn2kbQXlAAAB,495,381,0.0135,63995,53735,92400
1775047936864,pUGjlmEbcOkSLl-yAAAE,453,173,0.0137,45366,56540,92400
1775047937364,pUGjlmEbcOkSLl-yAAAE,0,162,0.0137,41778,42531,0
1775047938847,kCtNDfGzjn2kbQXlAAAB,0,312,0.0135,46051,47098,0
1775047937865,pUGjlmEbcOkSLl-yAAAE,471,146,0.0137,52494,38471,93899
1775047938364,pUGjlmEbcOkSLl-yAAAE,471,146,0.0137,24722,50262,92400
1775047939849,kCtNDfGzjn2kbQXlAAAB,467,202,0.0135,37976,46034,96046
1775047938865,pUGjlmEbcOkSLl-yAAAE,471,148,0.0138,46199,45479,92400
1775047939364,pUGjlmEbcOkSLl-yAAAE,471,150,0.0138,39470,45312,92400
1775047939864,pUGjlmEbcOkSLl-yAAAE,471,154,0.0138,21456,58758,92400
1775047940364,pUGjlmEbcOkSLl-yAAAE,0,148,0.0138,28643,41833,0
1775047940850,kCtNDfGzjn2kbQXlAAAB,467,177,0.0135,33466,51210,96046
1775047941847,kCtNDfGzjn2kbQXlAAAB,0,144,0.0135,41203,49921,0
1775047940864,pUGjlmEbcOkSLl-yAAAE,0,143,0.0138,54479,47330,0
1775047941366,pUGjlmEbcOkSLl-yAAAE,0,140,0.0138,46561,55746,0
1775047942850,kCtNDfGzjn2kbQXlAAAB,553,138,0.0135,42025,54421,92400
1775047941865,pUGjlmEbcOkSLl-yAAAE,518,170,0.0138,39467,44158,92400
1775047942364,pUGjlmEbcOkSLl-yAAAE,518,164,0.0138,15090,58467,92400
1775047943845,kCtNDfGzjn2kbQXlAAAB,553,146,0.0135,34589,53553,92400
1775047942865,pUGjlmEbcOkSLl-yAAAE,518,150,0.0138,50743,58573,92400
1775047943365,pUGjlmEbcOkSLl-yAAAE,518,150,0.0138,42566,54080,92400
1775047943864,pUGjlmEbcOkSLl-yAAAE,0,168,0.0138,21373,54084,0
1775047944364,pUGjlmEbcOkSLl-yAAAE,0,170,0.0138,23912,49842,0
1775047944864,pUGjlmEbcOkSLl-yAAAE,0,169,0.0138,57597,52931,0
1775047945364,pUGjlmEbcOkSLl-yAAAE,0,169,0.0138,29097,55067,0
1775047945875,pUGjlmEbcOkSLl-yAAAE,0,198,0.0138,69435,47486,0
1775047946365,pUGjlmEbcOkSLl-yAAAE,373,278,0.0138,55202,55399,92400
1775047946846,kCtNDfGzjn2kbQXlAAAB,0,119,0.0136,36999,55164,0
1775047945853,kCtNDfGzjn2kbQXlAAAB,0,125,0.0136,32388,52538,0
1775047944847,kCtNDfGzjn2kbQXlAAAB,0,130,0.0136,33302,58822,0
1775047947847,kCtNDfGzjn2kbQXlAAAB,394,106,0.0136,51326,51366,92400
1775047946864,pUGjlmEbcOkSLl-yAAAE,373,361,0.0138,49905,56115,92400
1775047948850,kCtNDfGzjn2kbQXlAAAB,394,101,0.0136,36888,61732,96015
1775047949845,kCtNDfGzjn2kbQXlAAAB,0,89,0.0136,33701,49928,0
1775047948365,pUGjlmEbcOkSLl-yAAAE,373,339,0.0138,62663,48654,92400
1775047947364,pUGjlmEbcOkSLl-yAAAE,373,337,0.0138,45731,47829,99348
1775047947864,pUGjlmEbcOkSLl-yAAAE,373,366,0.0138,59040,48240,101637
1775047948864,pUGjlmEbcOkSLl-yAAAE,0,296,0.0138,46723,59674,0
1775047949365,pUGjlmEbcOkSLl-yAAAE,605,280,0.0138,27857,44308,92400
1775047949875,pUGjlmEbcOkSLl-yAAAE,605,233,0.0138,36807,53569,92400
1775047950859,kCtNDfGzjn2kbQXlAAAB,601,93,0.0136,45234,44413,92400
1775047950364,pUGjlmEbcOkSLl-yAAAE,605,201,0.0138,52759,51151,92400
1775047950865,pUGjlmEbcOkSLl-yAAAE,605,171,0.0138,40803,54782,92400
1775047951847,kCtNDfGzjn2kbQXlAAAB,601,89,0.0136,41256,50779,92400
1775047951364,pUGjlmEbcOkSLl-yAAAE,0,160,0.0138,37642,43437,0
1775047951865,pUGjlmEbcOkSLl-yAAAE,445,127,0.0138,34308,48335,92400
1775047952848,kCtNDfGzjn2kbQXlAAAB,502,72,0.0137,47851,52003,92400
1775047952364,pUGjlmEbcOkSLl-yAAAE,445,109,0.0138,43098,52221,92400
1775047952865,pUGjlmEbcOkSLl-yAAAE,445,97,0.0138,39054,35785,92400
1775047953845,kCtNDfGzjn2kbQXlAAAB,502,66,0.0137,30259,43715,92400
1775047953365,pUGjlmEbcOkSLl-yAAAE,445,91,0.0138,10170,60683,92400
1775047953864,pUGjlmEbcOkSLl-yAAAE,0,128,0.0138,64203,61316,0
1775047954365,pUGjlmEbcOkSLl-yAAAE,0,126,0.0138,34820,52134,0
1775047954864,pUGjlmEbcOkSLl-yAAAE,635,112,0.0138,33906,59632,92400
1775047955365,pUGjlmEbcOkSLl-yAAAE,635,108,0.0138,42354,44805,92400
1775047956364,pUGjlmEbcOkSLl-yAAAE,635,92,0.0138,32662,53450,92400
1775047955864,pUGjlmEbcOkSLl-yAAAE,635,95,0.0138,51037,43301,92400
1775047957365,pUGjlmEbcOkSLl-yAAAE,0,99,0.0139,39101,54872,0
1775047956864,pUGjlmEbcOkSLl-yAAAE,0,93,0.0138,45310,55048,0
1775047955857,kCtNDfGzjn2kbQXlAAAB,0,117,0.0137,59631,50171,0
1775047954849,kCtNDfGzjn2kbQXlAAAB,502,104,0.0137,22627,57003,92400
1775047956846,kCtNDfGzjn2kbQXlAAAB,495,126,0.0137,36463,45543,92400
1775047957847,kCtNDfGzjn2kbQXlAAAB,495,126,0.0137,33014,53187,92400
1775047959848,kCtNDfGzjn2kbQXlAAAB,0,205,0.0137,12985,41619,0
1775047958847,kCtNDfGzjn2kbQXlAAAB,0,130,0.0137,41884,59730,0
1775047960846,kCtNDfGzjn2kbQXlAAAB,1238,185,0.0137,30290,57972,92400
1775047959365,pUGjlmEbcOkSLl-yAAAE,0,150,0.0139,5727,58266,0
1775047958374,pUGjlmEbcOkSLl-yAAAE,0,123,0.0139,20044,53471,0
1775047959864,pUGjlmEbcOkSLl-yAAAE,986,170,0.0139,52063,51903,92400
1775047960364,pUGjlmEbcOkSLl-yAAAE,986,166,0.0139,63812,62368,92400
1775047958865,pUGjlmEbcOkSLl-yAAAE,0,150,0.0139,53079,43938,0
1775047957864,pUGjlmEbcOkSLl-yAAAE,0,98,0.0139,18389,52039,0
1775047960865,pUGjlmEbcOkSLl-yAAAE,986,165,0.0139,44594,63206,92400
1775047961364,pUGjlmEbcOkSLl-yAAAE,986,161,0.0139,49623,51675,92400
1775047961864,pUGjlmEbcOkSLl-yAAAE,0,168,0.0139,45073,49438,0
1775047962364,pUGjlmEbcOkSLl-yAAAE,478,159,0.0139,52450,57033,94400
1775047961847,kCtNDfGzjn2kbQXlAAAB,1238,188,0.0137,44764,53492,92400
1775047962845,kCtNDfGzjn2kbQXlAAAB,333,256,0.0137,64546,62348,92400
1775047963847,kCtNDfGzjn2kbQXlAAAB,333,262,0.0137,53053,48131,92400
1775047962865,pUGjlmEbcOkSLl-yAAAE,478,144,0.0139,56618,48269,96739
1775047963365,pUGjlmEbcOkSLl-yAAAE,478,136,0.0139,23272,54980,97739
1775047964847,kCtNDfGzjn2kbQXlAAAB,333,154,0.0137,52422,40234,96930
1775047963864,pUGjlmEbcOkSLl-yAAAE,478,127,0.0139,53958,58858,92400
1775047964373,pUGjlmEbcOkSLl-yAAAE,0,106,0.0139,37917,46878,0
1775047965846,kCtNDfGzjn2kbQXlAAAB,476,84,0.0137,52472,44621,93881
1775047964865,pUGjlmEbcOkSLl-yAAAE,419,104,0.0139,42069,37389,92400
1775047965368,pUGjlmEbcOkSLl-yAAAE,419,110,0.0139,54564,46690,93373
1775047966366,pUGjlmEbcOkSLl-yAAAE,419,105,0.0139,0,48922,93373
1775047965865,pUGjlmEbcOkSLl-yAAAE,419,105,0.0139,24179,44196,93373
1775047966864,pUGjlmEbcOkSLl-yAAAE,419,105,0.0139,0,53674,92400
1775047967364,pUGjlmEbcOkSLl-yAAAE,0,196,0.0139,22486,56879,0
1775047967864,pUGjlmEbcOkSLl-yAAAE,0,182,0.0139,27249,44074,0
1775047967850,kCtNDfGzjn2kbQXlAAAB,0,73,0.0137,6810,40198,0
1775047966848,kCtNDfGzjn2kbQXlAAAB,476,73,0.0137,30582,47141,92400
1775047968369,pUGjlmEbcOkSLl-yAAAE,0,172,0.0139,31519,53099,0
1775047968864,pUGjlmEbcOkSLl-yAAAE,528,172,0.0139,31450,51947,92400
1775047969364,pUGjlmEbcOkSLl-yAAAE,528,207,0.0139,19271,58646,92400
1775047969864,pUGjlmEbcOkSLl-yAAAE,528,193,0.0139,33521,45634,92400
1775047968846,kCtNDfGzjn2kbQXlAAAB,0,182,0.0138,30066,42746,0
1775047969847,kCtNDfGzjn2kbQXlAAAB,0,182,0.0138,33970,47319,0
1775047970848,kCtNDfGzjn2kbQXlAAAB,0,167,0.0138,37694,53108,0
1775047970364,pUGjlmEbcOkSLl-yAAAE,528,193,0.0139,40388,53659,92400
1775047970864,pUGjlmEbcOkSLl-yAAAE,0,216,0.0140,23986,54947,0
1775047971365,pUGjlmEbcOkSLl-yAAAE,0,265,0.0140,44424,50204,0
1775047971864,pUGjlmEbcOkSLl-yAAAE,0,304,0.0140,39432,56028,0
1775047972369,pUGjlmEbcOkSLl-yAAAE,0,275,0.0140,32711,62899,0
1775047971846,kCtNDfGzjn2kbQXlAAAB,630,281,0.0138,46525,50618,92400
1775047972850,kCtNDfGzjn2kbQXlAAAB,630,355,0.0138,29885,57776,92400
1775047972864,pUGjlmEbcOkSLl-yAAAE,609,559,0.0140,61461,57903,92400
1775047973378,pUGjlmEbcOkSLl-yAAAE,609,692,0.0140,58953,58953,92400
1775047973863,pUGjlmEbcOkSLl-yAAAE,609,800,0.0140,45792,45742,92400
1775047974364,pUGjlmEbcOkSLl-yAAAE,609,803,0.0140,52325,57572,92400
1775047973846,kCtNDfGzjn2kbQXlAAAB,0,371,0.0138,59953,53907,0
1775047974847,kCtNDfGzjn2kbQXlAAAB,564,464,0.0138,44986,52510,92400
1775047977846,kCtNDfGzjn2kbQXlAAAB,547,343,0.0138,38670,55254,92400
1775047975849,kCtNDfGzjn2kbQXlAAAB,564,441,0.0138,50998,58375,92400
1775047976845,kCtNDfGzjn2kbQXlAAAB,0,413,0.0138,58016,53378,0
1775047978847,kCtNDfGzjn2kbQXlAAAB,547,278,0.0138,31600,52286,92400
1775047976364,pUGjlmEbcOkSLl-yAAAE,624,634,0.0140,29227,50552,92400
1775047974864,pUGjlmEbcOkSLl-yAAAE,0,815,0.0140,49615,67678,0
1775047975866,pUGjlmEbcOkSLl-yAAAE,624,649,0.0140,48167,55967,92400
1775047975363,pUGjlmEbcOkSLl-yAAAE,624,770,0.0140,39292,56940,92400
1775047977375,pUGjlmEbcOkSLl-yAAAE,0,486,0.0140,21858,45252,0
1775047976864,pUGjlmEbcOkSLl-yAAAE,624,495,0.0140,53818,55149,92400
1775047979846,kCtNDfGzjn2kbQXlAAAB,250,210,0.0138,59357,57344,92400
1775047980847,kCtNDfGzjn2kbQXlAAAB,250,235,0.0138,42513,58603,93667
1775047978363,pUGjlmEbcOkSLl-yAAAE,0,518,0.0140,11613,53541,0
1775047978865,pUGjlmEbcOkSLl-yAAAE,0,636,0.0140,99481,68342,0
1775047979368,pUGjlmEbcOkSLl-yAAAE,310,608,0.0140,37078,40150,94033
1775047977864,pUGjlmEbcOkSLl-yAAAE,0,540,0.0140,44007,54518,0
1775047979864,pUGjlmEbcOkSLl-yAAAE,310,657,0.0140,39616,65176,95033
1775047980364,pUGjlmEbcOkSLl-yAAAE,310,657,0.0140,0,29467,95033
1775047981846,kCtNDfGzjn2kbQXlAAAB,0,181,0.0138,47104,55485,0
1775047980865,pUGjlmEbcOkSLl-yAAAE,310,630,0.0140,86441,49971,92400
1775047981365,pUGjlmEbcOkSLl-yAAAE,0,576,0.0140,62277,45931,0
1775047981864,pUGjlmEbcOkSLl-yAAAE,0,576,0.0140,0,48804,0
1775047982865,pUGjlmEbcOkSLl-yAAAE,881,552,0.0140,0,58699,92400
1775047983369,pUGjlmEbcOkSLl-yAAAE,881,552,0.0140,0,52950,92400
1775047982364,pUGjlmEbcOkSLl-yAAAE,881,552,0.0140,70236,42901,92400
1775047983864,pUGjlmEbcOkSLl-yAAAE,881,631,0.0141,61685,59679,92400
1775047984364,pUGjlmEbcOkSLl-yAAAE,0,560,0.0141,62923,53776,0
1775047983848,kCtNDfGzjn2kbQXlAAAB,383,188,0.0138,31415,58754,95484
1775047982849,kCtNDfGzjn2kbQXlAAAB,383,164,0.0138,38992,62795,92657
1775047984850,kCtNDfGzjn2kbQXlAAAB,0,252,0.0139,25095,50733,0
1775047984864,pUGjlmEbcOkSLl-yAAAE,316,560,0.0141,23060,58473,92400
1775047985865,pUGjlmEbcOkSLl-yAAAE,316,560,0.0141,0,49197,92400
1775047986364,pUGjlmEbcOkSLl-yAAAE,316,560,0.0141,12220,63972,92400
1775047985364,pUGjlmEbcOkSLl-yAAAE,316,560,0.0141,0,54877,92400
1775047986864,pUGjlmEbcOkSLl-yAAAE,0,829,0.0141,77644,58470,0
1775047987847,kCtNDfGzjn2kbQXlAAAB,351,380,0.0139,21742,50911,92400
1775047986850,kCtNDfGzjn2kbQXlAAAB,351,234,0.0139,0,52865,92400
1775047985846,kCtNDfGzjn2kbQXlAAAB,351,234,0.0139,47939,55437,92400
1775047988846,kCtNDfGzjn2kbQXlAAAB,378,380,0.0139,54289,55620,92400
1775047989847,kCtNDfGzjn2kbQXlAAAB,378,380,0.0139,0,59889,92400
1775047991846,kCtNDfGzjn2kbQXlAAAB,0,372,0.0140,0,72220,0
1775047990850,kCtNDfGzjn2kbQXlAAAB,0,372,0.0140,29275,58125,0
1775047992845,kCtNDfGzjn2kbQXlAAAB,350,442,0.0140,64610,91282,92400
1775047987864,pUGjlmEbcOkSLl-yAAAE,314,829,0.0141,8713,62737,92400
1775047987363,pUGjlmEbcOkSLl-yAAAE,314,829,0.0141,57862,50022,92400
1775047989377,pUGjlmEbcOkSLl-yAAAE,314,776,0.0141,41615,44582,92400
1775047988365,pUGjlmEbcOkSLl-yAAAE,314,829,0.0141,0,51203,92400
1775047988864,pUGjlmEbcOkSLl-yAAAE,314,829,0.0141,0,65203,92400
1775047989864,pUGjlmEbcOkSLl-yAAAE,0,776,0.0141,0,58881,0
1775047991365,pUGjlmEbcOkSLl-yAAAE,324,722,0.0142,85265,59208,92400
1775047991865,pUGjlmEbcOkSLl-yAAAE,324,897,0.0142,132509,50995,92400
1775047990871,pUGjlmEbcOkSLl-yAAAE,0,762,0.0142,17748,55075,0
1775047990364,pUGjlmEbcOkSLl-yAAAE,0,776,0.0141,0,54582,0
1775047992364,pUGjlmEbcOkSLl-yAAAE,324,814,0.0142,79027,70568,94400
1775047993846,kCtNDfGzjn2kbQXlAAAB,350,575,0.0140,56898,78790,92400
1775047992864,pUGjlmEbcOkSLl-yAAAE,324,857,0.0142,48771,43642,92400
1775047993364,pUGjlmEbcOkSLl-yAAAE,0,642,0.0142,58464,67457,0
1775047994848,kCtNDfGzjn2kbQXlAAAB,303,641,0.0140,55510,60806,99563
1775047993865,pUGjlmEbcOkSLl-yAAAE,235,1006,0.0142,57759,44123,93223
1775047994364,pUGjlmEbcOkSLl-yAAAE,235,963,0.0142,32444,53623,93223
1775047995849,kCtNDfGzjn2kbQXlAAAB,303,750,0.0140,47426,62606,102614
1775047995864,pUGjlmEbcOkSLl-yAAAE,235,962,0.0142,0,43633,92400
1775047995364,pUGjlmEbcOkSLl-yAAAE,235,962,0.0142,0,43675,92400
1775047994864,pUGjlmEbcOkSLl-yAAAE,235,962,0.0142,54417,65675,92400
1775047996363,pUGjlmEbcOkSLl-yAAAE,268,712,0.0142,63464,58440,92400
1775047996865,pUGjlmEbcOkSLl-yAAAE,268,712,0.0142,58790,55561,92400
1775047997849,kCtNDfGzjn2kbQXlAAAB,316,770,0.0141,37499,49892,92400
1775047996846,kCtNDfGzjn2kbQXlAAAB,303,750,0.0140,0,83247,102614
1775047997364,pUGjlmEbcOkSLl-yAAAE,268,740,0.0142,51072,53318,94400
1775047998846,kCtNDfGzjn2kbQXlAAAB,316,517,0.0141,55180,59583,94411
1775047997864,pUGjlmEbcOkSLl-yAAAE,268,638,0.0142,63740,53042,98417
1775047999848,kCtNDfGzjn2kbQXlAAAB,0,699,0.0141,25238,57287,0
1775048000847,kCtNDfGzjn2kbQXlAAAB,0,699,0.0141,0,60102,0
1775048001850,kCtNDfGzjn2kbQXlAAAB,0,894,0.0143,36991,56397,0
1775047999364,pUGjlmEbcOkSLl-yAAAE,0,656,0.0142,0,52579,0
1775047999865,pUGjlmEbcOkSLl-yAAAE,0,656,0.0142,0,52638,0
1775048000864,pUGjlmEbcOkSLl-yAAAE,0,520,0.0143,63395,55098,0
1775047998865,pUGjlmEbcOkSLl-yAAAE,0,656,0.0142,0,57108,0
1775048000364,pUGjlmEbcOkSLl-yAAAE,0,646,0.0143,49847,60018,0
1775047998364,pUGjlmEbcOkSLl-yAAAE,268,656,0.0142,10444,48888,100516
1775048001867,pUGjlmEbcOkSLl-yAAAE,346,520,0.0143,34659,83331,92400
1775048001364,pUGjlmEbcOkSLl-yAAAE,346,520,0.0143,50269,77193,92400
1775048002365,pUGjlmEbcOkSLl-yAAAE,346,516,0.0143,58540,105937,92400
1775048003864,pUGjlmEbcOkSLl-yAAAE,0,507,0.0144,28539,62341,0
1775048003365,pUGjlmEbcOkSLl-yAAAE,346,378,0.0143,0,39177,92400
1775048002864,pUGjlmEbcOkSLl-yAAAE,346,378,0.0143,42616,91320,92400
1775048004364,pUGjlmEbcOkSLl-yAAAE,0,298,0.0144,23783,73624,0
1775048003844,kCtNDfGzjn2kbQXlAAAB,304,898,0.0143,89043,54984,92400
1775048002846,kCtNDfGzjn2kbQXlAAAB,304,894,0.0143,41254,51586,92400
1775048004846,kCtNDfGzjn2kbQXlAAAB,0,944,0.0143,7063,49113,0
1775048005847,kCtNDfGzjn2kbQXlAAAB,0,939,0.0144,67178,64434,0
1775048004864,pUGjlmEbcOkSLl-yAAAE,292,602,0.0144,99354,101199,92400
1775048005368,pUGjlmEbcOkSLl-yAAAE,292,946,0.0144,79772,64196,92400
1775048006847,kCtNDfGzjn2kbQXlAAAB,320,763,0.0144,77602,80351,92400
1775048005865,pUGjlmEbcOkSLl-yAAAE,292,1267,0.0144,61188,76247,94589
1775048006372,pUGjlmEbcOkSLl-yAAAE,292,1188,0.0144,32013,36527,94589
1775048006864,pUGjlmEbcOkSLl-yAAAE,292,1187,0.0144,31025,56233,92400
1775048007847,kCtNDfGzjn2kbQXlAAAB,320,748,0.0144,35260,52746,93400
1775048007370,pUGjlmEbcOkSLl-yAAAE,0,1116,0.0144,49843,47512,0
1775048007864,pUGjlmEbcOkSLl-yAAAE,0,1006.9999999999999,0.0144,33364,56407,0
1775048008364,pUGjlmEbcOkSLl-yAAAE,0,1028,0.0144,57105,65190,0
1775048008865,pUGjlmEbcOkSLl-yAAAE,261,1038,0.0144,49019,46539,92400
1775048009364,pUGjlmEbcOkSLl-yAAAE,261,976,0.0144,22070,55752,92989
1775048009845,kCtNDfGzjn2kbQXlAAAB,236,851,0.0144,55535,55983,92400
1775048008845,kCtNDfGzjn2kbQXlAAAB,0,1028,0.0144,47154,53089,0
1775048010847,kCtNDfGzjn2kbQXlAAAB,236,942,0.0144,45306,53953,92400
1775048010864,pUGjlmEbcOkSLl-yAAAE,261,730,0.0144,8932,58662,92400
1775048009864,pUGjlmEbcOkSLl-yAAAE,261,730,0.0144,30717,49468,94400
1775048010365,pUGjlmEbcOkSLl-yAAAE,261,730,0.0144,0,59422,94400
1775048011378,pUGjlmEbcOkSLl-yAAAE,227,670,0.0145,58327,39721,92400
1775048011864,pUGjlmEbcOkSLl-yAAAE,227,670,0.0145,51093,63684,92400
1775048012365,pUGjlmEbcOkSLl-yAAAE,227,764,0.0145,49755,62730,92400
1775048012874,pUGjlmEbcOkSLl-yAAAE,227,906,0.0145,73063,63136,92400
1775048012846,kCtNDfGzjn2kbQXlAAAB,305,1048,0.0145,51952,52185,92400
1775048011849,kCtNDfGzjn2kbQXlAAAB,236,942,0.0144,0,48576,92400
1775048013849,kCtNDfGzjn2kbQXlAAAB,305,999,0.0145,45133,77023,92400
1775048013865,pUGjlmEbcOkSLl-yAAAE,0,1096,0.0145,18610,51805,0
1775048013371,pUGjlmEbcOkSLl-yAAAE,227,1060,0.0145,32256,61500,92400
1775048014369,pUGjlmEbcOkSLl-yAAAE,292,792,0.0145,49746,75835,92400
1775048014864,pUGjlmEbcOkSLl-yAAAE,292,792,0.0145,0,50134,92400
1775048015864,pUGjlmEbcOkSLl-yAAAE,292,849,0.0146,54213,63991,92400
1775048015365,pUGjlmEbcOkSLl-yAAAE,292,792,0.0145,11582,50393,92400
1775048016364,pUGjlmEbcOkSLl-yAAAE,0,849,0.0146,0,93580,0
1775048016864,pUGjlmEbcOkSLl-yAAAE,0,984,0.0146,54681,68627,0
1775048017364,pUGjlmEbcOkSLl-yAAAE,619,982,0.0146,75327,86152,92400
1775048014846,kCtNDfGzjn2kbQXlAAAB,0,663,0.0146,28775,53888,0
1775048016848,kCtNDfGzjn2kbQXlAAAB,673,740,0.0146,22974,51734,92400
1775048015848,kCtNDfGzjn2kbQXlAAAB,673,375,0.0146,36613,58616,92400
1775048017846,kCtNDfGzjn2kbQXlAAAB,0,855,0.0146,24504,60896,0
1775048018845,kCtNDfGzjn2kbQXlAAAB,0,792,0.0146,70994,77976,0
1775048017864,pUGjlmEbcOkSLl-yAAAE,619,1018.9999999999999,0.0146,65492,59675,92400
1775048018365,pUGjlmEbcOkSLl-yAAAE,619,932,0.0146,113351,65636,96436
1775048019845,kCtNDfGzjn2kbQXlAAAB,571,945,0.0146,62184,84217,96765
1775048018865,pUGjlmEbcOkSLl-yAAAE,619,879,0.0146,67592,59920,96436
1775048019364,pUGjlmEbcOkSLl-yAAAE,229,604,0.0146,53307,52584,98436
1775048020850,kCtNDfGzjn2kbQXlAAAB,571,1244,0.0146,68833,62652,100765
1775048019864,pUGjlmEbcOkSLl-yAAAE,229,826,0.0146,63023,66531,102529
1775048020363,pUGjlmEbcOkSLl-yAAAE,229,1114,0.0146,76568,67973,106633
1775048021846,kCtNDfGzjn2kbQXlAAAB,290,1037,0.0146,60055,62953,109510
1775048020864,pUGjlmEbcOkSLl-yAAAE,229,1244,0.0146,49287,70300,111457
1775048021369,pUGjlmEbcOkSLl-yAAAE,229,1208,0.0146,47300,67258,92400
1775048022845,kCtNDfGzjn2kbQXlAAAB,290,872,0.0146,45459,58184,92400
1775048021865,pUGjlmEbcOkSLl-yAAAE,0,1055,0.0146,69705,49817,0
1775048022364,pUGjlmEbcOkSLl-yAAAE,307,973,0.0146,57972,51547,92982
1775048023847,kCtNDfGzjn2kbQXlAAAB,0,721,0.0146,69891,61292,0
1775048022865,pUGjlmEbcOkSLl-yAAAE,307,982,0.0146,52241,69900,94532
1775048023364,pUGjlmEbcOkSLl-yAAAE,307,1018,0.0146,61513,41839,92400
1775048024849,kCtNDfGzjn2kbQXlAAAB,437,576,0.0146,47692,54821,92400
1775048023864,pUGjlmEbcOkSLl-yAAAE,307,980,0.0146,48490,52282,93294
1775048024367,pUGjlmEbcOkSLl-yAAAE,307,863,0.0146,63874,54567,95846
1775048025846,kCtNDfGzjn2kbQXlAAAB,437,335,0.0146,53751,57977,92400
1775048024864,pUGjlmEbcOkSLl-yAAAE,0,672,0.0146,59506,59038,0
1775048025365,pUGjlmEbcOkSLl-yAAAE,325,557,0.0146,50347,62534,97697
1775048026850,kCtNDfGzjn2kbQXlAAAB,298,327,0.0146,62391,53172,92400
1775048025865,pUGjlmEbcOkSLl-yAAAE,325,427,0.0146,57743,48934,98423
1775048026374,pUGjlmEbcOkSLl-yAAAE,325,354,0.0146,65830,56642,99829
1775048027849,kCtNDfGzjn2kbQXlAAAB,298,149,0.0146,51277,53272,94286
1775048026864,pUGjlmEbcOkSLl-yAAAE,325,292,0.0146,54981,46079,102758
1775048027364,pUGjlmEbcOkSLl-yAAAE,0,240,0.0146,50866,59215,0
1775048028849,kCtNDfGzjn2kbQXlAAAB,298,88,0.0146,52195,54606,98393
1775048027864,pUGjlmEbcOkSLl-yAAAE,230,203,0.0146,45978,31875,107347
1775048028364,pUGjlmEbcOkSLl-yAAAE,230,173,0.0146,36420,44261,109168
1775048029845,kCtNDfGzjn2kbQXlAAAB,247,37,0.0146,43449,35679,102129
1775048028864,pUGjlmEbcOkSLl-yAAAE,230,120,0.0146,37221,52087,112823
1775048029372,pUGjlmEbcOkSLl-yAAAE,230,59,0.0146,50076,37439,114732
1775048030846,kCtNDfGzjn2kbQXlAAAB,247,20,0.0146,46891,47115,108285
1775048029865,pUGjlmEbcOkSLl-yAAAE,230,40,0.0146,39870,30497,118602
1775048030364,pUGjlmEbcOkSLl-yAAAE,226,32,0.0146,39987,42586,120615
1775048031854,kCtNDfGzjn2kbQXlAAAB,0,22,0.0146,32701,35229,0
1775048030877,pUGjlmEbcOkSLl-yAAAE,226,32,0.0146,30249,46624,123235
1775048031374,pUGjlmEbcOkSLl-yAAAE,226,29,0.0146,30980,13240,126429
1775048032846,kCtNDfGzjn2kbQXlAAAB,227,23,0.0146,33577,35223,119048
1775048031864,pUGjlmEbcOkSLl-yAAAE,226,21,0.0146,41017,66006,128847
1775048032363,pUGjlmEbcOkSLl-yAAAE,226,21,0.0146,40668,50129,130715
1775048033845,kCtNDfGzjn2kbQXlAAAB,227,26,0.0146,56788,34393,124463
1775048032864,pUGjlmEbcOkSLl-yAAAE,0,21,0.0146,24220,38385,0
1775048033364,pUGjlmEbcOkSLl-yAAAE,259,19,0.0146,39495,23559,138515
1775048034847,kCtNDfGzjn2kbQXlAAAB,216,20,0.0146,32464,34824,128457
1775048033865,pUGjlmEbcOkSLl-yAAAE,259,18,0.0146,23640,44957,138515
1775048034365,pUGjlmEbcOkSLl-yAAAE,259,18,0.0146,41258,42204,138515
1775048035847,kCtNDfGzjn2kbQXlAAAB,216,26,0.0146,42228,35229,129789
1775048034864,pUGjlmEbcOkSLl-yAAAE,259,14,0.0146,34128,37768,140022
1775048035364,pUGjlmEbcOkSLl-yAAAE,259,13,0.0146,35119,12337,142029
1775048036856,kCtNDfGzjn2kbQXlAAAB,216,25,0.0146,32560,31305,135547
1775048035863,pUGjlmEbcOkSLl-yAAAE,251,13,0.0146,23288,104601,142029
1775048036378,pUGjlmEbcOkSLl-yAAAE,251,19,0.0146,33265,56719,145945
1775048037847,kCtNDfGzjn2kbQXlAAAB,255,21,0.0146,72353,41042,135547
1775048036865,pUGjlmEbcOkSLl-yAAAE,251,19,0.0146,48449,34072,146641
1775048037364,pUGjlmEbcOkSLl-yAAAE,251,22,0.0146,28195,47174,150356
1775048038847,kCtNDfGzjn2kbQXlAAAB,255,16,0.0146,43707,32542,136831
1775048037864,pUGjlmEbcOkSLl-yAAAE,251,21,0.0146,72919,59773,150356
1775048038369,pUGjlmEbcOkSLl-yAAAE,0,25,0.0146,86345,69959,0
1775048039848,kCtNDfGzjn2kbQXlAAAB,0,11,0.0146,63961,77459,0
1775048038864,pUGjlmEbcOkSLl-yAAAE,226,21,0.0146,41226,77050,156115
1775048039370,pUGjlmEbcOkSLl-yAAAE,226,21,0.0146,60497,57918,160427
1775048040845,kCtNDfGzjn2kbQXlAAAB,237,9,0.0146,67226,54676,147606
1775048039864,pUGjlmEbcOkSLl-yAAAE,226,23,0.0146,49395,75154,165769
1775048040366,pUGjlmEbcOkSLl-yAAAE,226,19,0.0146,69415,63221,168373
1775048041854,kCtNDfGzjn2kbQXlAAAB,237,6,0.0146,71455,62532,154435
1775048040865,pUGjlmEbcOkSLl-yAAAE,226,16,0.0146,69163,77168,173617
1775048041365,pUGjlmEbcOkSLl-yAAAE,222,12,0.0146,50181,86110,176233
1775048042846,kCtNDfGzjn2kbQXlAAAB,233,8,0.0146,82677,53650,163538
1775048041864,pUGjlmEbcOkSLl-yAAAE,222,10,0.0146,58985,99340,181532
1775048042364,pUGjlmEbcOkSLl-yAAAE,222,9,0.0146,73061,91972,187124
1775048043846,kCtNDfGzjn2kbQXlAAAB,233,8,0.0146,97397,65434,169085
1775048042864,pUGjlmEbcOkSLl-yAAAE,222,9,0.0146,57495,105274,190141
1775048043370,pUGjlmEbcOkSLl-yAAAE,222,9,0.0146,79220,120072,198111
1775048044846,kCtNDfGzjn2kbQXlAAAB,233,12,0.0146,102480,81206,175833
1775048043867,pUGjlmEbcOkSLl-yAAAE,0,13,0.0146,87668,109887,0
1775048044364,pUGjlmEbcOkSLl-yAAAE,276,20,0.0146,80290,115865,138137
1775048045847,kCtNDfGzjn2kbQXlAAAB,303,15,0.0146,111084,84672,110519
1775048044864,pUGjlmEbcOkSLl-yAAAE,276,34,0.0146,60363,98312,140283
1775048045365,pUGjlmEbcOkSLl-yAAAE,276,46,0.0146,55026,57969,125124
1775048046855,kCtNDfGzjn2kbQXlAAAB,303,24,0.0146,80095,36078,95077
1775048045864,pUGjlmEbcOkSLl-yAAAE,276,38,0.0146,28475,33306,125124
1775048046376,pUGjlmEbcOkSLl-yAAAE,0,38,0.0146,26878,42986,0
1775048047847,kCtNDfGzjn2kbQXlAAAB,235,20,0.0146,40435,29921,98160
1775048046865,pUGjlmEbcOkSLl-yAAAE,225,40,0.0146,31734,40069,127916
1775048047363,pUGjlmEbcOkSLl-yAAAE,225,38,0.0146,27244,39942,92400
1775048048847,kCtNDfGzjn2kbQXlAAAB,235,24,0.0146,38595,32781,100940
1775048047864,pUGjlmEbcOkSLl-yAAAE,225,32,0.0146,37863,28877,92400
1775048048369,pUGjlmEbcOkSLl-yAAAE,225,28,0.0146,26441,29310,94055
1775048049848,kCtNDfGzjn2kbQXlAAAB,235,14,0.0146,28210,26979,105307
1775048048864,pUGjlmEbcOkSLl-yAAAE,225,23,0.0146,26750,30086,95602
1775048049367,pUGjlmEbcOkSLl-yAAAE,228,19,0.0146,40704,35033,98989
1775048050848,kCtNDfGzjn2kbQXlAAAB,262,15,0.0146,31879,35996,110028
1775048049863,pUGjlmEbcOkSLl-yAAAE,228,25,0.0146,37196,22721,101796
1775048050365,pUGjlmEbcOkSLl-yAAAE,228,32,0.0146,45666,32940,92400
1775048051850,kCtNDfGzjn2kbQXlAAAB,262,23,0.0146,28164,40324,92400
1775048050865,pUGjlmEbcOkSLl-yAAAE,228,42,0.0146,35203,30772,92400
1775048051373,pUGjlmEbcOkSLl-yAAAE,228,40,0.0146,17329,28887,94573
1775048052846,kCtNDfGzjn2kbQXlAAAB,262,26,0.0146,28158,34341,93998
1775048051870,pUGjlmEbcOkSLl-yAAAE,0,36,0.0146,52058,34442,0
1775048052368,pUGjlmEbcOkSLl-yAAAE,224,41,0.0146,30410,36598,99364
1775048053848,kCtNDfGzjn2kbQXlAAAB,242,34,0.0146,35275,38789,98489
1775048052864,pUGjlmEbcOkSLl-yAAAE,224,37,0.0146,40051,23710,101063
1775048053369,pUGjlmEbcOkSLl-yAAAE,224,32,0.0146,27759,30280,101621
1775048054846,kCtNDfGzjn2kbQXlAAAB,242,20,0.0146,29507,30358,102525
1775048053864,pUGjlmEbcOkSLl-yAAAE,224,27,0.0146,24987,25326,104935
1775048054364,pUGjlmEbcOkSLl-yAAAE,224,38,0.0146,14701,33522,106194
1775048055845,kCtNDfGzjn2kbQXlAAAB,0,36,0.0146,22004,28160,0
1775048054865,pUGjlmEbcOkSLl-yAAAE,0,43,0.0146,44433,33553,0
1775048055365,pUGjlmEbcOkSLl-yAAAE,395,52,0.0146,28038,37860,92400
1775048055864,pUGjlmEbcOkSLl-yAAAE,395,48,0.0146,29858,36989,92400
1775048056864,pUGjlmEbcOkSLl-yAAAE,395,54,0.0146,34464,31757,92400
1775048056375,pUGjlmEbcOkSLl-yAAAE,395,52,0.0146,26118,38715,92400
1775048057845,kCtNDfGzjn2kbQXlAAAB,499,56,0.0146,32088,33269,92400
1775048056848,kCtNDfGzjn2kbQXlAAAB,0,40,0.0146,35595,30420,0
1775048057364,pUGjlmEbcOkSLl-yAAAE,0,63,0.0146,19394,32836,0
1775048058845,kCtNDfGzjn2kbQXlAAAB,499,65,0.0146,31924,41161,92400
1775048057864,pUGjlmEbcOkSLl-yAAAE,0,70,0.0146,25725,29288,0
1775048058377,pUGjlmEbcOkSLl-yAAAE,0,81,0.0146,63455,34836,0
1775048058865,pUGjlmEbcOkSLl-yAAAE,0,79,0.0146,16548,42807,0
1775048059845,kCtNDfGzjn2kbQXlAAAB,453,68,0.0146,21036,46763,92400
1775048059364,pUGjlmEbcOkSLl-yAAAE,876,75,0.0146,31716,34698,92400
1775048059864,pUGjlmEbcOkSLl-yAAAE,876,79,0.0146,34216,39108,92400
1775048060848,kCtNDfGzjn2kbQXlAAAB,453,74,0.0146,49475,44229,92400
1775048060363,pUGjlmEbcOkSLl-yAAAE,876,80,0.0146,66394,33942,92400
1775048060865,pUGjlmEbcOkSLl-yAAAE,876,80,0.0146,22478,35940,92400
1775048061363,pUGjlmEbcOkSLl-yAAAE,0,91,0.0146,45143,45978,0
1775048062365,pUGjlmEbcOkSLl-yAAAE,385,105,0.0146,74383,47128,92400
1775048061863,pUGjlmEbcOkSLl-yAAAE,385,90,0.0146,34755,45822,92400
1775048062848,kCtNDfGzjn2kbQXlAAAB,0,96,0.0146,35259,46291,0
1775048061847,kCtNDfGzjn2kbQXlAAAB,453,77,0.0146,23658,51415,92400
1775048063847,kCtNDfGzjn2kbQXlAAAB,596,117,0.0146,46593,45094,92400
1775048062864,pUGjlmEbcOkSLl-yAAAE,385,103,0.0146,31794,28277,95527
1775048063374,pUGjlmEbcOkSLl-yAAAE,385,99,0.0146,43158,43220,95527
1775048064846,kCtNDfGzjn2kbQXlAAAB,596,78,0.0146,36193,45694,92400
1775048063864,pUGjlmEbcOkSLl-yAAAE,0,97,0.0146,46001,38887,0
1775048064365,pUGjlmEbcOkSLl-yAAAE,375,101,0.0146,49454,49006,95527
1775048065847,kCtNDfGzjn2kbQXlAAAB,0,67,0.0146,43553,49254,0
1775048064876,pUGjlmEbcOkSLl-yAAAE,375,98,0.0146,56483,34959,92400
1775048065364,pUGjlmEbcOkSLl-yAAAE,375,92,0.0146,24088,37100,92400
1775048066848,kCtNDfGzjn2kbQXlAAAB,421,51,0.0146,34259,44529,94430
1775048065864,pUGjlmEbcOkSLl-yAAAE,375,90,0.0146,45150,41109,92400
1775048066364,pUGjlmEbcOkSLl-yAAAE,375,80,0.0146,46760,50155,92400
1775048067845,kCtNDfGzjn2kbQXlAAAB,421,44,0.0146,44815,46735,92400
1775048066868,pUGjlmEbcOkSLl-yAAAE,0,77,0.0146,46469,44148,0
1775048067364,pUGjlmEbcOkSLl-yAAAE,344,77,0.0146,30875,30390,95348
1775048068847,kCtNDfGzjn2kbQXlAAAB,433,53,0.0146,36482,39194,93060
1775048067865,pUGjlmEbcOkSLl-yAAAE,344,85,0.0146,47326,44574,95348
1775048068364,pUGjlmEbcOkSLl-yAAAE,344,86,0.0146,44085,31856,92400
1775048068864,pUGjlmEbcOkSLl-yAAAE,344,73,0.0146,29851,43285,92400
1775048069848,kCtNDfGzjn2kbQXlAAAB,433,56,0.0146,38178,43701,93060
1775048069364,pUGjlmEbcOkSLl-yAAAE,0,71,0.0146,43486,43246,0
1775048070845,kCtNDfGzjn2kbQXlAAAB,433,78,0.0146,43346,43571,92400
1775048069864,pUGjlmEbcOkSLl-yAAAE,0,67,0.0146,39304,46392,0
1775048070364,pUGjlmEbcOkSLl-yAAAE,722,57,0.0146,51287,37350,92400
1775048071849,kCtNDfGzjn2kbQXlAAAB,514,81,0.0146,41711,44906,92400
1775048070864,pUGjlmEbcOkSLl-yAAAE,722,52,0.0146,38797,46800,92400
1775048071365,pUGjlmEbcOkSLl-yAAAE,722,51,0.0146,36350,37343,93217
1775048072845,kCtNDfGzjn2kbQXlAAAB,514,62,0.0146,42212,37610,92596
1775048071864,pUGjlmEbcOkSLl-yAAAE,722,41,0.0146,42743,34644,93217
1775048072364,pUGjlmEbcOkSLl-yAAAE,332,37,0.0146,36277,51055,93217
1775048073846,kCtNDfGzjn2kbQXlAAAB,0,51,0.0146,42786,31036,0
1775048072864,pUGjlmEbcOkSLl-yAAAE,332,35,0.0146,21828,47471,94174
1775048073364,pUGjlmEbcOkSLl-yAAAE,332,44,0.0146,30974,25568,94174
1775048074846,kCtNDfGzjn2kbQXlAAAB,452,65,0.0146,36448,31912,92596
1775048073864,pUGjlmEbcOkSLl-yAAAE,332,47,0.0146,33056,24615,94174
1775048074365,pUGjlmEbcOkSLl-yAAAE,332,52,0.0146,51197,28861,94174
1775048075846,kCtNDfGzjn2kbQXlAAAB,452,69,0.0146,33928,50083,92400
1775048075364,pUGjlmEbcOkSLl-yAAAE,393,61,0.0146,26460,30066,94175
1775048074864,pUGjlmEbcOkSLl-yAAAE,0,58,0.0146,33199,37856,0
1775048076846,kCtNDfGzjn2kbQXlAAAB,0,82,0.0146,19246,56481,0
1775048075865,pUGjlmEbcOkSLl-yAAAE,393,60,0.0146,49973,63928,92400
1775048077849,kCtNDfGzjn2kbQXlAAAB,477,80,0.0146,44460,50327,92400
1775048076365,pUGjlmEbcOkSLl-yAAAE,393,78,0.0146,59212,50149,92400
1775048076864,pUGjlmEbcOkSLl-yAAAE,393,93,0.0146,47044,55230,92400
1775048077364,pUGjlmEbcOkSLl-yAAAE,0,101,0.0146,65332,28485,0
1775048078847,kCtNDfGzjn2kbQXlAAAB,477,73,0.0146,52899,53493,93062
1775048077864,pUGjlmEbcOkSLl-yAAAE,254,98,0.0146,57771,42287,92400
1775048079845,kCtNDfGzjn2kbQXlAAAB,477,64,0.0146,22330,47597,92400
1775048078363,pUGjlmEbcOkSLl-yAAAE,254,89,0.0146,34940,24870,92400
1775048078864,pUGjlmEbcOkSLl-yAAAE,254,87,0.0146,38741,27343,92400
1775048079364,pUGjlmEbcOkSLl-yAAAE,254,101,0.0146,31345,32546,92400
1775048080853,kCtNDfGzjn2kbQXlAAAB,0,51,0.0146,29834,40790,0
1775048079864,pUGjlmEbcOkSLl-yAAAE,254,95,0.0146,43472,36632,92400
1775048080365,pUGjlmEbcOkSLl-yAAAE,262,100,0.0146,45419,42186,92400
1775048081849,kCtNDfGzjn2kbQXlAAAB,345,42,0.0146,37590,44508,93463
1775048080864,pUGjlmEbcOkSLl-yAAAE,262,91,0.0146,34444,27141,93400
1775048081376,pUGjlmEbcOkSLl-yAAAE,262,80,0.0146,44321,22827,93400
1775048082845,kCtNDfGzjn2kbQXlAAAB,345,41,0.0146,25308,43482,92400
1775048082364,pUGjlmEbcOkSLl-yAAAE,262,77,0.0146,21185,47923,92400
1775048081864,pUGjlmEbcOkSLl-yAAAE,262,84,0.0146,42336,40465,92400
1775048083845,kCtNDfGzjn2kbQXlAAAB,0,57,0.0146,37011,41687,0
1775048082865,pUGjlmEbcOkSLl-yAAAE,0,81,0.0146,48107,16036,0
1775048083365,pUGjlmEbcOkSLl-yAAAE,357,88,0.0146,54773,37520,92400
1775048084846,kCtNDfGzjn2kbQXlAAAB,389,65,0.0146,31372,43811,92400
1775048083864,pUGjlmEbcOkSLl-yAAAE,357,86,0.0146,44101,44983,92400
1775048084365,pUGjlmEbcOkSLl-yAAAE,357,84,0.0146,57854,48566,92400
1775048085845,kCtNDfGzjn2kbQXlAAAB,389,71,0.0146,42125,49971,94699
1775048084865,pUGjlmEbcOkSLl-yAAAE,357,74,0.0146,43893,32940,95696
1775048085378,pUGjlmEbcOkSLl-yAAAE,357,66,0.0146,45314,58589,98432
1775048086846,kCtNDfGzjn2kbQXlAAAB,0,64,0.0146,35283,43544,0
1775048085863,pUGjlmEbcOkSLl-yAAAE,409,70,0.0146,33865,35515,92400
1775048086365,pUGjlmEbcOkSLl-yAAAE,409,68,0.0146,52445,34473,92400
1775048087849,kCtNDfGzjn2kbQXlAAAB,496,67,0.0146,45548,42457,92400
1775048086863,pUGjlmEbcOkSLl-yAAAE,409,58,0.0146,30193,29019,92400
1775048087364,pUGjlmEbcOkSLl-yAAAE,409,55,0.0146,36324,47382,92401
1775048088846,kCtNDfGzjn2kbQXlAAAB,496,65,0.0146,38298,40088,93385
1775048087864,pUGjlmEbcOkSLl-yAAAE,409,51,0.0146,44180,41006,97093
1775048088364,pUGjlmEbcOkSLl-yAAAE,0,54,0.0146,38337,37552,0
1775048089854,kCtNDfGzjn2kbQXlAAAB,221,55,0.0146,38937,40549,99271
1775048088864,pUGjlmEbcOkSLl-yAAAE,291,66,0.0146,34204,22760,100178
1775048089364,pUGjlmEbcOkSLl-yAAAE,291,73,0.0146,56135,43511,92400
1775048090851,kCtNDfGzjn2kbQXlAAAB,221,53,0.0146,33207,41897,92400
1775048089865,pUGjlmEbcOkSLl-yAAAE,291,80,0.0146,27458,14936,92400
1775048090364,pUGjlmEbcOkSLl-yAAAE,291,71,0.0146,49880,34324,93430
1775048091847,kCtNDfGzjn2kbQXlAAAB,0,46,0.0146,24702,46292,0
1775048090865,pUGjlmEbcOkSLl-yAAAE,0,83,0.0146,42408,43224,0
1775048091369,pUGjlmEbcOkSLl-yAAAE,444,80,0.0146,40983,39824,93432
1775048092853,kCtNDfGzjn2kbQXlAAAB,218,49,0.0146,45220,46502,92400
1775048091864,pUGjlmEbcOkSLl-yAAAE,444,87,0.0146,52781,46313,92400
1775048092365,pUGjlmEbcOkSLl-yAAAE,444,88,0.0146,35129,21631,92400
1775048093846,kCtNDfGzjn2kbQXlAAAB,218,63,0.0146,36471,29875,92400
1775048092864,pUGjlmEbcOkSLl-yAAAE,444,86,0.0146,24269,34853,92400
1775048093364,pUGjlmEbcOkSLl-yAAAE,444,79,0.0146,48987,39180,92400
1775048094846,kCtNDfGzjn2kbQXlAAAB,279,73,0.0146,37303,35342,92400
1775048093875,pUGjlmEbcOkSLl-yAAAE,0,69,0.0146,30104,42098,0
1775048094364,pUGjlmEbcOkSLl-yAAAE,324,66,0.0146,39187,35833,96448
1775048095852,kCtNDfGzjn2kbQXlAAAB,279,59,0.0146,37207,32366,92400
1775048094864,pUGjlmEbcOkSLl-yAAAE,324,66,0.0146,17762,21866,92400
1775048095369,pUGjlmEbcOkSLl-yAAAE,324,59,0.0146,31564,39431,92400
1775048096856,kCtNDfGzjn2kbQXlAAAB,279,41,0.0146,25738,32626,94901
1775048095863,pUGjlmEbcOkSLl-yAAAE,324,54,0.0146,44026,27687,92400
1775048096364,pUGjlmEbcOkSLl-yAAAE,0,52,0.0146,17577,26685,0
1775048097845,kCtNDfGzjn2kbQXlAAAB,226,29,0.0146,31065,36349,95991
1775048096864,pUGjlmEbcOkSLl-yAAAE,315,58,0.0146,53858,36151,94384
1775048097364,pUGjlmEbcOkSLl-yAAAE,315,57,0.0146,42085,24927,95817
1775048098846,kCtNDfGzjn2kbQXlAAAB,226,20,0.0146,29550,40453,99474
1775048097864,pUGjlmEbcOkSLl-yAAAE,315,45,0.0146,44141,25732,97555
1775048098369,pUGjlmEbcOkSLl-yAAAE,315,51,0.0146,46439,38215,99123
1775048099847,kCtNDfGzjn2kbQXlAAAB,0,12,0.0146,30118,30637,0
1775048098866,pUGjlmEbcOkSLl-yAAAE,315,54,0.0146,21408,21505,102351
1775048099364,pUGjlmEbcOkSLl-yAAAE,226,60,0.0146,46489,31873,104025
1775048100846,kCtNDfGzjn2kbQXlAAAB,235,15,0.0146,31243,44643,107457
1775048099865,pUGjlmEbcOkSLl-yAAAE,226,59,0.0146,36409,43908,107111
1775048100364,pUGjlmEbcOkSLl-yAAAE,226,52,0.0146,48509,27042,108079
1775048101847,kCtNDfGzjn2kbQXlAAAB,235,9,0.0146,32042,41304,92400
1775048100864,pUGjlmEbcOkSLl-yAAAE,226,42,0.0146,23242,35687,110398
1775048101364,pUGjlmEbcOkSLl-yAAAE,226,35,0.0146,37525,47528,114064
1775048101864,pUGjlmEbcOkSLl-yAAAE,0,35,0.0146,5054,37621,0
1775048102850,kCtNDfGzjn2kbQXlAAAB,226,17,0.0146,44829,28789,93734
1775048102365,pUGjlmEbcOkSLl-yAAAE,411,34,0.0146,47433,44749,92400
1775048103849,kCtNDfGzjn2kbQXlAAAB,226,23,0.0146,27723,32489,92400
1775048102864,pUGjlmEbcOkSLl-yAAAE,411,26,0.0146,33115,48877,92400
1775048103377,pUGjlmEbcOkSLl-yAAAE,411,19,0.0146,29308,40140,94385
1775048104845,kCtNDfGzjn2kbQXlAAAB,226,32,0.0146,45078,28734,92400
1775048103864,pUGjlmEbcOkSLl-yAAAE,411,18,0.0146,23614,36442,95961
1775048104370,pUGjlmEbcOkSLl-yAAAE,411,33,0.0146,36122,16644,97289
1775048105845,kCtNDfGzjn2kbQXlAAAB,258,49,0.0146,24144,32003,92400
1775048104865,pUGjlmEbcOkSLl-yAAAE,311,28,0.0146,25867,41440,92400
1775048105368,pUGjlmEbcOkSLl-yAAAE,311,19,0.0146,32576,27077,92400
1775048106846,kCtNDfGzjn2kbQXlAAAB,258,23,0.0146,36852,26823,92400
1775048105865,pUGjlmEbcOkSLl-yAAAE,311,14,0.0146,31996,32997,92400
1775048106378,pUGjlmEbcOkSLl-yAAAE,311,25,0.0146,30699,31857,92400
1775048107846,kCtNDfGzjn2kbQXlAAAB,0,20,0.0146,29904,35852,0
1775048106865,pUGjlmEbcOkSLl-yAAAE,311,46,0.0146,31900,28774,98227
1775048107364,pUGjlmEbcOkSLl-yAAAE,0,54,0.0146,35386,40008,0
1775048108848,kCtNDfGzjn2kbQXlAAAB,405,43,0.0146,36824,38190,92400
1775048107864,pUGjlmEbcOkSLl-yAAAE,224,63,0.0146,34370,27634,92400
1775048108365,pUGjlmEbcOkSLl-yAAAE,224,53,0.0146,36112,25851,92400
1775048109854,kCtNDfGzjn2kbQXlAAAB,405,31,0.0146,26854,30189,94002
1775048108865,pUGjlmEbcOkSLl-yAAAE,224,52,0.0146,32447,27656,92400
1775048109365,pUGjlmEbcOkSLl-yAAAE,224,68,0.0146,22043,36119,93078
1775048110853,kCtNDfGzjn2kbQXlAAAB,464,42,0.0146,34032,26229,96422
1775048109864,pUGjlmEbcOkSLl-yAAAE,224,58,0.0146,19251,34331,93078
1775048110364,pUGjlmEbcOkSLl-yAAAE,396,76,0.0146,40759,24894,93079
1775048111849,kCtNDfGzjn2kbQXlAAAB,464,58,0.0146,25841,32669,97353
1775048110864,pUGjlmEbcOkSLl-yAAAE,396,51,0.0146,37551,35212,96772
1775048111364,pUGjlmEbcOkSLl-yAAAE,396,54,0.0146,11717,32347,96772
1775048111867,pUGjlmEbcOkSLl-yAAAE,396,42,0.0146,21624,27257,96772
1775048112364,pUGjlmEbcOkSLl-yAAAE,396,42,0.0147,46068,37151,92400
1775048112864,pUGjlmEbcOkSLl-yAAAE,226,31,0.0147,40193,31051,92400
1775048112846,kCtNDfGzjn2kbQXlAAAB,464,49,0.0146,24311,28763,97354
1775048113847,kCtNDfGzjn2kbQXlAAAB,435,41,0.0146,37126,40764,92400
1775048113364,pUGjlmEbcOkSLl-yAAAE,226,30,0.0147,39161,24826,92400
1775048114847,kCtNDfGzjn2kbQXlAAAB,435,33,0.0146,28448,31029,92400
1775048113865,pUGjlmEbcOkSLl-yAAAE,226,27,0.0147,27970,28578,92400
1775048114363,pUGjlmEbcOkSLl-yAAAE,226,23,0.0147,21743,43293,92401
1775048115845,kCtNDfGzjn2kbQXlAAAB,0,23,0.0146,40935,30952,0
1775048114865,pUGjlmEbcOkSLl-yAAAE,226,21,0.0146,38373,34363,96935
1775048115365,pUGjlmEbcOkSLl-yAAAE,226,19,0.0146,28048,25145,98797
1775048116846,kCtNDfGzjn2kbQXlAAAB,235,23,0.0146,31025,33625,92400
1775048115864,pUGjlmEbcOkSLl-yAAAE,241,15,0.0146,33586,56603,98797
1775048116375,pUGjlmEbcOkSLl-yAAAE,241,13,0.0146,23675,23675,104119
1775048117846,kCtNDfGzjn2kbQXlAAAB,235,21,0.0146,31780,24658,92401
1775048116864,pUGjlmEbcOkSLl-yAAAE,241,10,0.0146,27050,28736,107020
1775048117371,pUGjlmEbcOkSLl-yAAAE,241,12,0.0146,30874,38663,111420
1775048118852,kCtNDfGzjn2kbQXlAAAB,222,15,0.0146,39984,32964,108751
1775048117864,pUGjlmEbcOkSLl-yAAAE,241,11,0.0146,35864,29523,113815
1775048118363,pUGjlmEbcOkSLl-yAAAE,224,8,0.0146,40847,45741,113815
1775048119846,kCtNDfGzjn2kbQXlAAAB,222,19,0.0146,41876,36718,117089
1775048118864,pUGjlmEbcOkSLl-yAAAE,224,8,0.0146,35398,59151,114911
1775048119365,pUGjlmEbcOkSLl-yAAAE,224,9,0.0146,40933,15941,117603
1775048120856,kCtNDfGzjn2kbQXlAAAB,222,25,0.0146,34683,35000,122887
1775048119864,pUGjlmEbcOkSLl-yAAAE,224,13,0.0146,30844,61013,119753
1775048120364,pUGjlmEbcOkSLl-yAAAE,224,17,0.0146,74291,51103,123397
1775048121847,kCtNDfGzjn2kbQXlAAAB,239,29,0.0146,48235,62775,128058
1775048120864,pUGjlmEbcOkSLl-yAAAE,0,14,0.0146,56558,35255,0
1775048121365,pUGjlmEbcOkSLl-yAAAE,233,13,0.0146,40044,44914,130510
1775048122852,kCtNDfGzjn2kbQXlAAAB,239,23,0.0146,42440,47998,140498
1775048121865,pUGjlmEbcOkSLl-yAAAE,233,11,0.0146,55441,44833,133986
1775048122364,pUGjlmEbcOkSLl-yAAAE,233,11,0.0146,59107,45606,135736
1775048123846,kCtNDfGzjn2kbQXlAAAB,266,21,0.0146,50035,53872,150557
1775048122865,pUGjlmEbcOkSLl-yAAAE,233,10,0.0146,46334,58202,139898
1775048123364,pUGjlmEbcOkSLl-yAAAE,233,9,0.0146,87027,56968,143828
1775048124847,kCtNDfGzjn2kbQXlAAAB,266,21,0.0146,51656,79689,165203
1775048123864,pUGjlmEbcOkSLl-yAAAE,0,11,0.0146,77380,74562,0
1775048124368,pUGjlmEbcOkSLl-yAAAE,436,24,0.0146,84777,60309,153960
1775048125846,kCtNDfGzjn2kbQXlAAAB,266,30,0.0146,68657,88005,113634
1775048124864,pUGjlmEbcOkSLl-yAAAE,436,20,0.0146,96554,34479,101659
1775048125365,pUGjlmEbcOkSLl-yAAAE,436,21,0.0146,43127,23052,101659
1775048126847,kCtNDfGzjn2kbQXlAAAB,243,19,0.0146,28391,50663,114976
1775048125864,pUGjlmEbcOkSLl-yAAAE,436,23,0.0146,44236,38045,104383
1775048126364,pUGjlmEbcOkSLl-yAAAE,0,20,0.0146,40375,33825,0
1775048127846,kCtNDfGzjn2kbQXlAAAB,243,11,0.0146,37434,35205,120692
1775048126864,pUGjlmEbcOkSLl-yAAAE,224,16,0.0146,31156,32631,109007
1775048127364,pUGjlmEbcOkSLl-yAAAE,224,13,0.0146,31508,26692,112114
1775048128853,kCtNDfGzjn2kbQXlAAAB,243,9,0.0146,28879,36091,124470
1775048127864,pUGjlmEbcOkSLl-yAAAE,224,11,0.0146,44220,39841,115328
1775048128378,pUGjlmEbcOkSLl-yAAAE,224,11,0.0146,47593,47625,118755
1775048129846,kCtNDfGzjn2kbQXlAAAB,213,14,0.0146,44569,42971,130632
1775048128864,pUGjlmEbcOkSLl-yAAAE,224,10,0.0146,27549,35858,120386
1775048129371,pUGjlmEbcOkSLl-yAAAE,225,8,0.0146,58242,43662,123847
1775048130849,kCtNDfGzjn2kbQXlAAAB,213,8,0.0146,47072,51241,136732
1775048129864,pUGjlmEbcOkSLl-yAAAE,225,7,0.0146,47271,50536,127254
1775048130364,pUGjlmEbcOkSLl-yAAAE,225,12,0.0146,65265,37934,129594
1775048131845,kCtNDfGzjn2kbQXlAAAB,212,10,0.0146,38969,51151,144423
1775048130865,pUGjlmEbcOkSLl-yAAAE,225,8,0.0146,38539,51748,133352
1775048131365,pUGjlmEbcOkSLl-yAAAE,225,8,0.0146,51441,55465,137553
1775048132855,kCtNDfGzjn2kbQXlAAAB,212,8,0.0146,58802,56033,150627
1775048131864,pUGjlmEbcOkSLl-yAAAE,0,8,0.0146,69208,71164,0
1775048132364,pUGjlmEbcOkSLl-yAAAE,242,7,0.0146,83029,60886,144185
1775048133852,kCtNDfGzjn2kbQXlAAAB,212,10,0.0146,60532,76386,160227
1775048132864,pUGjlmEbcOkSLl-yAAAE,242,8,0.0146,78682,69385,148880
1775048133364,pUGjlmEbcOkSLl-yAAAE,242,15,0.0146,71572,84672,151669
1775048134847,kCtNDfGzjn2kbQXlAAAB,324,16,0.0146,81352,75131,112773
1775048133864,pUGjlmEbcOkSLl-yAAAE,242,11,0.0146,65271,65399,154729
1775048134365,pUGjlmEbcOkSLl-yAAAE,242,13,0.0146,51116,65373,155537
1775048135848,kCtNDfGzjn2kbQXlAAAB,324,14,0.0146,67149,48796,115516
1775048134864,pUGjlmEbcOkSLl-yAAAE,229,12,0.0146,43868,82746,161454
1775048135365,pUGjlmEbcOkSLl-yAAAE,229,9,0.0146,57532,75616,162329
1775048136854,kCtNDfGzjn2kbQXlAAAB,324,11,0.0146,80294,49406,120052
1775048135864,pUGjlmEbcOkSLl-yAAAE,229,8,0.0146,43608,89610,167253
1775048136365,pUGjlmEbcOkSLl-yAAAE,229,8,0.0146,39004,82056,171888
1775048137846,kCtNDfGzjn2kbQXlAAAB,219,10,0.0146,85331,40554,126134
1775048136865,pUGjlmEbcOkSLl-yAAAE,229,10,0.0146,44221,93571,177016
1775048137365,pUGjlmEbcOkSLl-yAAAE,0,12,0.0146,57328,83964,0
1775048138848,kCtNDfGzjn2kbQXlAAAB,219,14,0.0146,91131,56854,133336
1775048137864,pUGjlmEbcOkSLl-yAAAE,222,13,0.0146,57036,93256,183938
1775048138364,pUGjlmEbcOkSLl-yAAAE,222,11,0.0146,53801,139248,187238
1775048139845,kCtNDfGzjn2kbQXlAAAB,249,18,0.0146,115876,57609,141541
1775048138864,pUGjlmEbcOkSLl-yAAAE,222,11,0.0146,52330,92759,193996
1775048139365,pUGjlmEbcOkSLl-yAAAE,222,19,0.0146,97300,107962,202976
1775048140854,kCtNDfGzjn2kbQXlAAAB,249,14,0.0146,86855,77700,147006
1775048139863,pUGjlmEbcOkSLl-yAAAE,222,16,0.0146,64273,111907,208468
1775048140364,pUGjlmEbcOkSLl-yAAAE,240,12,0.0146,55614,100909,214731
1775048141853,kCtNDfGzjn2kbQXlAAAB,249,14,0.0146,125270,59332,153769
1775048140865,pUGjlmEbcOkSLl-yAAAE,240,8,0.0146,68199,138831,224771
1775048141365,pUGjlmEbcOkSLl-yAAAE,240,9,0.0146,80096,111740,230265
1775048142850,kCtNDfGzjn2kbQXlAAAB,250,14,0.0146,113222,76919,162239
1775048141864,pUGjlmEbcOkSLl-yAAAE,240,11,0.0146,75101,137359,241623
1775048142364,pUGjlmEbcOkSLl-yAAAE,240,11,0.0146,85743,121642,251930
1775048143849,kCtNDfGzjn2kbQXlAAAB,250,8,0.0146,139705,80291,168144
1775048142864,pUGjlmEbcOkSLl-yAAAE,0,9,0.0146,66776,167341,0
1775048143364,pUGjlmEbcOkSLl-yAAAE,437,16,0.0146,80307,124171,267163
1775048144851,kCtNDfGzjn2kbQXlAAAB,0,11,0.0146,135186,83175,0
1775048143865,pUGjlmEbcOkSLl-yAAAE,437,18,0.0146,83771,115781,148000
1775048144363,pUGjlmEbcOkSLl-yAAAE,437,33,0.0146,51834,107524,148000
1775048145855,kCtNDfGzjn2kbQXlAAAB,330,25,0.0146,100243,49515,97782
1775048144864,pUGjlmEbcOkSLl-yAAAE,437,47,0.0146,51559,68250,151015
1775048145364,pUGjlmEbcOkSLl-yAAAE,437,41,0.0146,28475,66869,152065
1775048146854,kCtNDfGzjn2kbQXlAAAB,330,12,0.0146,82705,36701,99838
1775048145864,pUGjlmEbcOkSLl-yAAAE,246,37,0.0146,43651,78646,152841
1775048146365,pUGjlmEbcOkSLl-yAAAE,246,34,0.0146,19349,85841,155346
1775048147847,kCtNDfGzjn2kbQXlAAAB,246,10,0.0146,84661,35163,102879
1775048146864,pUGjlmEbcOkSLl-yAAAE,246,30,0.0146,37194,93660,160092
1775048147364,pUGjlmEbcOkSLl-yAAAE,246,30,0.0146,26578,59042,162599
1775048148855,kCtNDfGzjn2kbQXlAAAB,246,15,0.0146,67216,25271,107429
1775048147864,pUGjlmEbcOkSLl-yAAAE,246,28,0.0146,29576,64983,164982
1775048148369,pUGjlmEbcOkSLl-yAAAE,0,21,0.0146,32773,53489,0
1775048149852,kCtNDfGzjn2kbQXlAAAB,246,27,0.0146,58807,27954,112168
1775048148864,pUGjlmEbcOkSLl-yAAAE,301,24,0.0146,28966,42899,92996
1775048149364,pUGjlmEbcOkSLl-yAAAE,301,20,0.0146,24858,46928,92996
1775048150790,kCtNDfGzjn2kbQXlAAAB,219,36,0.0146,45510,30155,117281
1775048149864,pUGjlmEbcOkSLl-yAAAE,301,15,0.0146,35323,44282,95210
1775048150364,pUGjlmEbcOkSLl-yAAAE,301,12,0.0146,39689,21512,97082
1775048151793,kCtNDfGzjn2kbQXlAAAB,219,27,0.0146,30882,35921,123021
1775048150864,pUGjlmEbcOkSLl-yAAAE,301,11,0.0146,33783,32323,100002
1775048151364,pUGjlmEbcOkSLl-yAAAE,222,9,0.0146,44486,28291,101457
1775048152797,kCtNDfGzjn2kbQXlAAAB,0,17,0.0146,30327,41436,0
1775048151864,pUGjlmEbcOkSLl-yAAAE,222,7,0.0146,43402,30395,104425
1775048152366,pUGjlmEbcOkSLl-yAAAE,222,6,0.0146,66663,35317,107401
1775048153788,kCtNDfGzjn2kbQXlAAAB,232,13,0.0146,33881,57056,135938
1775048152864,pUGjlmEbcOkSLl-yAAAE,222,5,0.0146,38277,34477,108908
1775048153363,pUGjlmEbcOkSLl-yAAAE,222,7,0.0146,40814,24472,113065
1775048154788,kCtNDfGzjn2kbQXlAAAB,232,13,0.0146,32534,44725,142730
1775048153865,pUGjlmEbcOkSLl-yAAAE,226,7,0.0146,51795,35958,114740
1775048154364,pUGjlmEbcOkSLl-yAAAE,226,11,0.0146,59880,35359,118666
1775048155791,kCtNDfGzjn2kbQXlAAAB,262,14,0.0146,36373,53456,151021
1775048154865,pUGjlmEbcOkSLl-yAAAE,226,8,0.0146,52255,43164,122153
1775048155364,pUGjlmEbcOkSLl-yAAAE,226,8,0.0146,66513,36410,123057
1775048156795,kCtNDfGzjn2kbQXlAAAB,262,9,0.0146,40745,64113,155156
1775048155864,pUGjlmEbcOkSLl-yAAAE,226,8,0.0146,66315,50691,126912
1775048156365,pUGjlmEbcOkSLl-yAAAE,228,9,0.0146,70416,49975,129004
1775048157795,kCtNDfGzjn2kbQXlAAAB,262,9,0.0146,44859,72238,163765
1775048156864,pUGjlmEbcOkSLl-yAAAE,228,9,0.0146,82054,49159,133071
1775048157365,pUGjlmEbcOkSLl-yAAAE,228,8,0.0146,93312,52409,137441
1775048158787,kCtNDfGzjn2kbQXlAAAB,228,9,0.0146,54681,94531,170924
1775048157863,pUGjlmEbcOkSLl-yAAAE,228,7,0.0146,90199,57579,139606
1775048158375,pUGjlmEbcOkSLl-yAAAE,228,6,0.0146,77364,60068,143887
1775048159788,kCtNDfGzjn2kbQXlAAAB,228,14,0.0146,56827,87509,177866
1775048158864,pUGjlmEbcOkSLl-yAAAE,0,12,0.0146,113180,74487,0
1775048159363,pUGjlmEbcOkSLl-yAAAE,266,20,0.0146,89971,44415,98315
1775048160790,kCtNDfGzjn2kbQXlAAAB,0,23,0.0146,54596,85657,0
1775048159865,pUGjlmEbcOkSLl-yAAAE,266,26,0.0146,71084,24696,99554
1775048160364,pUGjlmEbcOkSLl-yAAAE,266,25,0.0146,73014,27201,101870
1775048161788,kCtNDfGzjn2kbQXlAAAB,237,18,0.0146,33602,63687,127196
1775048160864,pUGjlmEbcOkSLl-yAAAE,266,22,0.0146,35851,35225,103340
1775048161365,pUGjlmEbcOkSLl-yAAAE,266,15,0.0146,49161,26831,106123
1775048162795,kCtNDfGzjn2kbQXlAAAB,237,15,0.0146,25679,42218,134015
1775048161865,pUGjlmEbcOkSLl-yAAAE,226,11,0.0146,36671,36127,109237
1775048162367,pUGjlmEbcOkSLl-yAAAE,226,8,0.0146,56056,27884,112441
1775048163789,kCtNDfGzjn2kbQXlAAAB,236,13,0.0146,29825,51024,138893
1775048162864,pUGjlmEbcOkSLl-yAAAE,226,10,0.0146,57161,23580,115518
1775048163368,pUGjlmEbcOkSLl-yAAAE,226,19,0.0146,45351,34748,118149
1775048164795,kCtNDfGzjn2kbQXlAAAB,236,20,0.0146,32612,51662,148181
1775048163864,pUGjlmEbcOkSLl-yAAAE,226,19,0.0146,55073,42482,92679
1775048164365,pUGjlmEbcOkSLl-yAAAE,0,21,0.0146,55689,16181,0
1775048165794,kCtNDfGzjn2kbQXlAAAB,236,25,0.0146,35428,74833,116780
1775048164864,pUGjlmEbcOkSLl-yAAAE,229,17,0.0146,89006,37322,94803
1775048165365,pUGjlmEbcOkSLl-yAAAE,229,15,0.0146,46986,27055,95973
1775048166789,kCtNDfGzjn2kbQXlAAAB,272,21,0.0146,26383,54064,147871
1775048165864,pUGjlmEbcOkSLl-yAAAE,229,13,0.0146,52457,30826,97623
1775048166364,pUGjlmEbcOkSLl-yAAAE,229,11,0.0146,56118,28059,100738
1775048167790,kCtNDfGzjn2kbQXlAAAB,272,17,0.0146,27904,66054,160233
1775048166864,pUGjlmEbcOkSLl-yAAAE,229,12,0.0146,92193,28439,104231
1775048167364,pUGjlmEbcOkSLl-yAAAE,235,9,0.0146,49201,34910,106002
1775048168789,kCtNDfGzjn2kbQXlAAAB,0,13,0.0146,32038,66907,0
1775048167863,pUGjlmEbcOkSLl-yAAAE,235,17,0.0146,66661,24864,109755
1775048168365,pUGjlmEbcOkSLl-yAAAE,235,12,0.0146,62923,36172,92400
1775048169787,kCtNDfGzjn2kbQXlAAAB,319,14,0.0146,30132,63137,177351
1775048168864,pUGjlmEbcOkSLl-yAAAE,235,10,0.0146,72724,42207,93064
1775048169364,pUGjlmEbcOkSLl-yAAAE,235,9,0.0146,85443,27028,95659
1775048170797,kCtNDfGzjn2kbQXlAAAB,319,12,0.0146,31850,96801,182586
1775048169864,pUGjlmEbcOkSLl-yAAAE,0,15,0.0146,120698,32857,0
1775048170368,pUGjlmEbcOkSLl-yAAAE,225,10,0.0146,89060,16530,92707
1775048171787,kCtNDfGzjn2kbQXlAAAB,228,15,0.0146,32575,86933,188587
1775048170864,pUGjlmEbcOkSLl-yAAAE,225,8,0.0146,73285,39733,93538
1775048171364,pUGjlmEbcOkSLl-yAAAE,225,7,0.0146,115886,23081,96259
1775048172788,kCtNDfGzjn2kbQXlAAAB,228,21,0.0146,29241,104069,198735
1775048171864,pUGjlmEbcOkSLl-yAAAE,225,9,0.0146,96179,36981,99314
1775048172365,pUGjlmEbcOkSLl-yAAAE,225,11,0.0146,110555,26171,101917
1775048173788,kCtNDfGzjn2kbQXlAAAB,228,21,0.0146,26058,94537,138245
1775048172864,pUGjlmEbcOkSLl-yAAAE,279,15,0.0146,71372,24785,103459
1775048173371,pUGjlmEbcOkSLl-yAAAE,279,11,0.0146,54704,37964,106484
1775048174789,kCtNDfGzjn2kbQXlAAAB,259,20,0.0146,36677,64681,145812
1775048173864,pUGjlmEbcOkSLl-yAAAE,279,14,0.0146,67647,27026,109726
1775048174367,pUGjlmEbcOkSLl-yAAAE,279,14,0.0146,73685,25481,110678
1775048175789,kCtNDfGzjn2kbQXlAAAB,259,19,0.0146,28864,70618,151921
1775048174865,pUGjlmEbcOkSLl-yAAAE,279,11,0.0146,79580,44986,114449
1775048175364,pUGjlmEbcOkSLl-yAAAE,0,9,0.0146,78734,38043,0
1775048176793,kCtNDfGzjn2kbQXlAAAB,0,21,0.0146,33376,94204,0
1775048175865,pUGjlmEbcOkSLl-yAAAE,233,12,0.0146,103640,31490,120201
1775048176364,pUGjlmEbcOkSLl-yAAAE,233,10,0.0146,71340,34394,124095
1775048177794,kCtNDfGzjn2kbQXlAAAB,238,21,0.0146,40821,72433,163035
1775048176864,pUGjlmEbcOkSLl-yAAAE,233,9,0.0146,87298,40413,126089
1775048177364,pUGjlmEbcOkSLl-yAAAE,233,17,0.0146,90450,38211,130305
1775048178793,kCtNDfGzjn2kbQXlAAAB,238,14,0.0146,38268,90081,168963
1775048177865,pUGjlmEbcOkSLl-yAAAE,233,14,0.0146,72701,31153,133336
1775048178374,pUGjlmEbcOkSLl-yAAAE,340,18,0.0146,78121,46187,135766
1775048179788,kCtNDfGzjn2kbQXlAAAB,321,14,0.0146,38802,78491,168856
1775048178864,pUGjlmEbcOkSLl-yAAAE,340,18,0.0146,59548,32786,92400
1775048179365,pUGjlmEbcOkSLl-yAAAE,340,15,0.0146,66730,23993,93545
1775048180793,kCtNDfGzjn2kbQXlAAAB,321,19,0.0146,30278,53259,145062
1775048179864,pUGjlmEbcOkSLl-yAAAE,340,12,0.0146,50607,41924,95838
1775048180365,pUGjlmEbcOkSLl-yAAAE,340,17,0.0146,32668,21838,96293
1775048181797,kCtNDfGzjn2kbQXlAAAB,321,17,0.0146,23022,62642,148917
1775048180863,pUGjlmEbcOkSLl-yAAAE,0,24,0.0146,97206,27863,0
1775048181365,pUGjlmEbcOkSLl-yAAAE,436,25,0.0146,69681,28623,92400
1775048182789,kCtNDfGzjn2kbQXlAAAB,263,40,0.0146,30623,61778,155412
1775048181864,pUGjlmEbcOkSLl-yAAAE,436,21,0.0146,60708,34452,93049
1775048182373,pUGjlmEbcOkSLl-yAAAE,436,22,0.0146,109815,34195,93049
1775048183787,kCtNDfGzjn2kbQXlAAAB,263,25,0.0146,32503,96644,156978
1775048182865,pUGjlmEbcOkSLl-yAAAE,436,24,0.0146,68225,26693,95108
1775048183368,pUGjlmEbcOkSLl-yAAAE,436,25,0.0146,64727,25926,97820
1775048184789,kCtNDfGzjn2kbQXlAAAB,0,29,0.0146,31107,63500,0
1775048183865,pUGjlmEbcOkSLl-yAAAE,293,28,0.0146,57748,33070,99918
1775048184365,pUGjlmEbcOkSLl-yAAAE,293,24,0.0146,73665,28736,101279
1775048185794,kCtNDfGzjn2kbQXlAAAB,306,30,0.0146,34702,63527,173179
1775048184865,pUGjlmEbcOkSLl-yAAAE,293,19,0.0146,66300,33278,103365
1775048185373,pUGjlmEbcOkSLl-yAAAE,293,24,0.0146,71131,35502,105610
1775048186791,kCtNDfGzjn2kbQXlAAAB,306,30,0.0146,25595,72582,182147
1775048185864,pUGjlmEbcOkSLl-yAAAE,293,24,0.0146,70455,32284,92930
1775048186364,pUGjlmEbcOkSLl-yAAAE,224,20,0.0146,98074,30024,94667
1775048187788,kCtNDfGzjn2kbQXlAAAB,289,28,0.0146,38927,72996,101440
1775048186865,pUGjlmEbcOkSLl-yAAAE,224,25,0.0146,34748,30170,95873
1775048187369,pUGjlmEbcOkSLl-yAAAE,224,17,0.0146,26711,29873,99085
1775048188797,kCtNDfGzjn2kbQXlAAAB,289,22,0.0146,26208,32006,104942
1775048187864,pUGjlmEbcOkSLl-yAAAE,224,13,0.0146,36983,32901,100752
1775048188364,pUGjlmEbcOkSLl-yAAAE,224,13,0.0146,43415,27050,104266
1775048189795,kCtNDfGzjn2kbQXlAAAB,289,19,0.0146,30521,34660,109780
1775048188868,pUGjlmEbcOkSLl-yAAAE,0,13,0.0146,28639,34119,0
1775048189364,pUGjlmEbcOkSLl-yAAAE,260,12,0.0146,32351,23244,109679
1775048190795,kCtNDfGzjn2kbQXlAAAB,231,20,0.0146,27027,29918,116990
1775048189864,pUGjlmEbcOkSLl-yAAAE,260,10,0.0146,29127,30264,113159
1775048190365,pUGjlmEbcOkSLl-yAAAE,260,9,0.0146,50457,31889,114863
1775048191788,kCtNDfGzjn2kbQXlAAAB,231,21,0.0146,34204,39891,122150
1775048190864,pUGjlmEbcOkSLl-yAAAE,260,7,0.0146,41679,35523,118082
1775048191365,pUGjlmEbcOkSLl-yAAAE,260,7,0.0146,30731,28540,121520
1775048192788,kCtNDfGzjn2kbQXlAAAB,0,17,0.0146,25872,49430,0
1775048191864,pUGjlmEbcOkSLl-yAAAE,244,10,0.0146,56960,38299,123974
1775048192371,pUGjlmEbcOkSLl-yAAAE,244,8,0.0146,36886,48465,92847
1775048193794,kCtNDfGzjn2kbQXlAAAB,285,24,0.0146,43439,37278,130701
1775048192864,pUGjlmEbcOkSLl-yAAAE,244,8,0.0146,38030,20390,94802
1775048193365,pUGjlmEbcOkSLl-yAAAE,244,14,0.0146,29152,46403,93735
1775048194797,kCtNDfGzjn2kbQXlAAAB,285,38,0.0146,38017,39413,135415
1775048193865,pUGjlmEbcOkSLl-yAAAE,244,13,0.0146,58326,44273,93735
1775048194364,pUGjlmEbcOkSLl-yAAAE,0,12,0.0146,43549,33532,0
1775048195787,kCtNDfGzjn2kbQXlAAAB,290,53,0.0146,34260,47567,136277
1775048194864,pUGjlmEbcOkSLl-yAAAE,252,16,0.0146,41243,37753,98260
1775048195364,pUGjlmEbcOkSLl-yAAAE,252,20,0.0146,63252,36797,100744
1775048196790,kCtNDfGzjn2kbQXlAAAB,290,67,0.0146,45871,56298,146295
1775048195864,pUGjlmEbcOkSLl-yAAAE,252,16,0.0146,51883,56433,101254
1775048196364,pUGjlmEbcOkSLl-yAAAE,252,18,0.0146,66915,56772,92400
1775048197796,kCtNDfGzjn2kbQXlAAAB,290,69,0.0146,47620,57308,148375
1775048196865,pUGjlmEbcOkSLl-yAAAE,252,12,0.0146,51383,17522,93481
1775048197364,pUGjlmEbcOkSLl-yAAAE,294,15,0.0146,76596,36299,95740
1775048198794,kCtNDfGzjn2kbQXlAAAB,223,42,0.0146,30313,68936,152719
1775048197864,pUGjlmEbcOkSLl-yAAAE,294,10,0.0146,59730,33682,97261
1775048198364,pUGjlmEbcOkSLl-yAAAE,294,12,0.0146,84673,27776,99689
1775048199790,kCtNDfGzjn2kbQXlAAAB,223,27,0.0146,28217,74666,164183
1775048198864,pUGjlmEbcOkSLl-yAAAE,294,10,0.0146,64271,34550,101735
1775048199365,pUGjlmEbcOkSLl-yAAAE,294,16,0.0146,61887,27409,102965
1775048200788,kCtNDfGzjn2kbQXlAAAB,0,23,0.0146,31032,61367,0
1775048199864,pUGjlmEbcOkSLl-yAAAE,0,18,0.0146,53451,25370,0
1775048200365,pUGjlmEbcOkSLl-yAAAE,230,16,0.0146,63800,33518,106403
1775048201792,kCtNDfGzjn2kbQXlAAAB,235,11,0.0146,32242,53375,100585
1775048200879,pUGjlmEbcOkSLl-yAAAE,230,33,0.0146,45997,27495,109653
1775048201365,pUGjlmEbcOkSLl-yAAAE,230,50,0.0146,37898,28761,111477
1775048202789,kCtNDfGzjn2kbQXlAAAB,235,9,0.0146,29527,46563,105014
1775048201864,pUGjlmEbcOkSLl-yAAAE,230,55,0.0146,59497,34944,113332
1775048202364,pUGjlmEbcOkSLl-yAAAE,230,47,0.0146,55326,45530,117253
1775048203793,kCtNDfGzjn2kbQXlAAAB,252,7,0.0146,39429,47340,110365
